time_ms,timestamp,version,voltage,audio_gain,cc,refX_raw,refY_raw,refZ_raw,tipX_raw,tipY_raw,tipZ_raw,refX_cal,refY_cal,refZ_cal,tipX_cal,tipY_cal,tipZ_cal,calOffsetX,calOffsetY,calOffsetZ,gradX,gradY,gradZ,mag,nT,accX,accY,accZ,gyrX,gyrY,gyrZ,imu_temp,freq,is_muted,QW,QX,QY,QZ,Azimuth,Elevation,Declination
822373,2026-09-11_08-37-20.375-240,v5.1.3,3.42,12.0,1600,-4749,-7361,29304,-9425,-7548,28723,-7824.15,-13106.41,47890.32,-7323.03,-11510.21,48868.55,0.00,0.00,0.00,501.12,1596.21,978.23,1938.02,1938.02,0.983,0.121,0.542,-4.172,-0.234,0.547,6783,284.7,0,-0.3999,-0.0096,0.0518,0.9151,227.1,-1.4,0.0
822435,2026-09-11_08-37-20.436-240,v5.1.3,3.42,12.0,1600,-4735,-7376,29326,-9404,-7533,28682,-7800.79,-13132.25,47926.42,-7300.62,-11487.14,48796.55,0.00,0.00,0.00,500.17,1645.11,870.12,1927.09,1927.09,0.986,0.112,0.534,-4.203,-0.656,0.438,6779,283.3,0,-0.3997,-0.0091,0.0516,0.9151,227.1,-1.4,0.0
822495,2026-09-11_08-37-20.496-240,v5.1.3,3.42,12.0,1600,-4734,-7387,29379,-9419,-7544,28757,-7798.98,-13152.34,48012.95,-7303.93,-11501.93,48921.45,0.00,0.00,0.00,495.05,1650.41,908.50,1947.90,1947.90,0.990,0.123,0.535,-4.062,-0.578,0.266,6779,285.9,0,-0.3995,-0.0090,0.0520,0.9152,227.1,-1.4,0.0
822554,2026-09-11_08-37-20.554-240,v5.1.3,3.42,12.0,1600,-4732,-7357,29356,-9406,-7533,28777,-7796.08,-13102.02,47974.97,-7277.56,-11482.71,48949.77,0.00,0.00,0.00,518.52,1619.31,974.80,1959.91,1959.91,0.988,0.118,0.537,-2.891,-0.641,-0.266,6785,287.5,0,-0.3998,-0.0091,0.0526,0.9151,227.1,-1.5,0.0
822610,2026-09-11_08-37-20.611-240,v5.1.3,3.42,12.0,1600,-4782,-7376,29270,-9424,-7548,28720,-7878.53,-13129.30,47835.19,-7322.21,-11510.32,48863.46,0.00,0.00,0.00,556.32,1618.97,1028.27,1996.97,1996.97,0.988,0.104,0.533,-3.922,-0.875,0.047,6785,292.2,0,-0.3997,-0.0085,0.0522,0.9151,227.1,-1.5,0.0
822667,2026-09-11_08-37-20.668-240,v5.1.3,3.42,12.0,1600,-4789,-7354,29313,-9414,-7523,28636,-7890.40,-13094.38,47904.86,-7330.37,-11473.23,48725.09,0.00,0.00,0.00,560.02,1621.15,820.23,1901.19,1901.19,0.987,0.109,0.537,-4.078,-0.484,0.094,6775,280.0,0,-0.3995,-0.0084,0.0518,0.9152,227.1,-1.5,0.0
822728,2026-09-11_08-37-20.728-240,v5.1.3,3.42,12.0,1600,-4685,-7360,29243,-9355,-7559,28711,-7718.32,-13103.85,47790.94,-7210.50,-11527.01,48830.43,0.00,0.00,0.00,507.83,1576.84,1039.50,1955.72,1955.72,0.988,0.114,0.537,-3.594,-0.562,-0.172,6775,286.9,0,-0.3995,-0.0084,0.0520,0.9152,227.1,-1.5,0.0
822788,2026-09-11_08-37-20.790-240,v5.1.3,3.42,12.0,1600,-4725,-7387,29269,-9382,-7534,28789,-7784.11,-13148.57,47833.75,-7234.65,-11483.19,48962.53,0.00,0.00,0.00,549.46,1665.38,1128.78,2085.55,2085.55,0.983,0.118,0.538,-3.922,-0.453,0.422,6775,303.5,0,-0.3994,-0.0086,0.0520,0.9153,227.1,-1.5,0.0
822853,2026-09-11_08-37-20.853-240,v5.1.3,3.42,12.0,1600,-4688,-7377,29283,-9377,-7523,28675,-7723.05,-13133.30,47856.39,-7258.63,-11470.48,48777.68,0.00,0.00,0.00,464.42,1662.81,921.28,1956.89,1956.89,0.988,0.137,0.538,-3.562,-0.594,0.250,6777,287.1,0,-0.3994,-0.0090,0.0531,0.9152,227.1,-1.5,0.0
822917,2026-09-11_08-37-21.918-240,v5.1.3,3.42,12.0,1600,-4713,-7312,29335,-9359,-7526,28788,-7765.26,-13027.34,47939.99,-7197.48,-11469.61,48954.45,0.00,0.00,0.00,567.78,1557.73,1014.46,1943.71,1943.71,0.987,0.128,0.536,-3.484,-0.688,-0.594,6777,285.4,0,-0.3993,-0.0093,0.0541,0.9152,227.1,-1.5,0.0
822979,2026-09-11_08-37-21.980-240,v5.1.3,3.42,12.0,1600,-4664,-7348,29291,-9367,-7583,28681,-7683.74,-13086.18,47868.93,-7237.30,-11567.90,48786.10,0.00,0.00,0.00,446.44,1518.29,917.17,1829.12,1829.12,0.984,0.113,0.537,-2.953,-0.688,-0.141,6784,270.8,0,-0.3996,-0.0093,0.0540,0.9151,227.1,-1.5,0.0
823038,2026-09-11_08-37-21.040-240,v5.1.3,3.42,12.0,1600,-4701,-7346,29249,-9388,-7545,28786,-7744.97,-13080.63,47800.47,-7244.78,-11501.43,48959.62,0.00,0.00,0.00,500.19,1579.20,1159.16,2021.81,2021.81,0.984,0.129,0.536,-3.016,-0.875,0.266,6784,295.4,0,-0.3999,-0.0095,0.0546,0.9149,227.1,-1.5,0.0
823100,2026-09-11_08-37-21.101-240,v5.1.3,3.42,12.0,1600,-4710,-7337,29414,-9365,-7531,28767,-7759.95,-13071.52,48069.12,-7212.92,-11478.91,48922.46,0.00,0.00,0.00,547.03,1592.61,853.34,1887.81,1887.81,0.986,0.120,0.536,-2.922,-0.578,-0.641,6776,278.3,0,-0.4000,-0.0097,0.0551,0.9148,227.2,-1.5,0.0
823180,2026-09-11_08-37-21.181-240,v5.1.3,3.42,12.0,1600,-4660,-7325,29276,-9273,-7528,28700,-7677.44,-13047.75,47844.10,-7080.17,-11474.92,48789.60,0.00,0.00,0.00,597.27,1572.83,945.50,1929.89,1929.89,0.985,0.141,0.540,-4.141,-0.766,-0.406,6776,283.6,0,-0.3995,-0.0104,0.0563,0.9149,227.1,-1.5,0.0
823239,2026-09-11_08-37-21.240-240,v5.1.3,3.42,12.0,1600,-4578,-7371,29323,-9201,-7595,28684,-7541.20,-13127.03,47921.47,-6962.48,-11583.28,48745.92,0.00,0.00,0.00,578.72,1543.76,824.45,1843.32,1843.32,0.988,0.113,0.537,-3.594,-0.297,1.078,6776,272.6,0,-0.3998,-0.0101,0.0553,0.9149,227.1,-1.5,0.0
823296,2026-09-11_08-37-21.296-240,v5.1.3,3.42,12.0,1600,-4716,-7386,29258,-9331,-7539,28728,-7769.24,-13146.70,47815.82,-7167.33,-11492.98,48850.70,0.00,0.00,0.00,601.92,1653.72,1034.88,2041.59,2041.59,0.990,0.120,0.540,-4.094,-0.484,0.203,6778,297.9,0,-0.3997,-0.0101,0.0549,0.9149,227.1,-1.5,0.0
823353,2026-09-11_08-37-21.353-240,v5.1.3,3.42,12.0,1600,-4739,-7367,29246,-9369,-7531,28724,-7807.54,-13114.44,47795.94,-7231.44,-11481.04,48854.45,0.00,0.00,0.00,576.10,1633.40,1058.51,2029.86,2029.86,0.990,0.124,0.537,-3.766,-0.344,0.406,6778,296.4,0,-0.3998,-0.0101,0.0548,0.9149,227.1,-1.4,0.0
823413,2026-09-11_08-37-21.413-240,v5.1.3,3.42,12.0,1600,-4663,-7395,29319,-9342,-7574,28776,-7681.46,-13164.82,47915.36,-7170.26,-11548.12,48931.73,0.00,0.00,0.00,511.19,1616.70,1016.38,1976.88,1976.88,0.984,0.123,0.536,-3.703,-0.312,0.812,6788,289.6,0,-0.3999,-0.0102,0.0546,0.9149,227.1,-1.4,0.0
823473,2026-09-11_08-37-21.473-240,v5.1.3,3.42,12.0,1600,-4714,-7378,29243,-9351,-7548,28799,-7766.05,-13132.99,47791.24,-7180.09,-11504.81,48970.50,0.00,0.00,0.00,585.96,1628.18,1179.25,2094.03,2094.03,0.988,0.110,0.538,-3.156,-0.859,0.328,6788,304.6,0,-0.4002,-0.0097,0.0541,0.9148,227.2,-1.5,0.0
823533,2026-09-11_08-37-21.533-240,v5.1.3,3.42,12.0,1600,-4718,-7330,29370,-9396,-7500,28800,-7773.28,-13058.22,47997.32,-7256.46,-11427.51,48983.18,0.00,0.00,0.00,516.82,1630.70,985.86,1974.39,1974.39,0.986,0.115,0.538,-3.422,-0.266,0.859,6788,289.3,0,-0.4005,-0.0097,0.0535,0.9147,227.2,-1.4,0.0
823594,2026-09-11_08-37-21.595-240,v5.1.3,3.42,12.0,1600,-4655,-7350,29314,-9384,-7579,28758,-7668.83,-13090.49,47906.44,-7244.15,-11558.16,48914.39,0.00,0.00,0.00,424.67,1532.34,1007.95,1882.65,1882.65,0.986,0.096,0.536,-3.594,0.125,-0.812,6794,277.6,0,-0.4004,-0.0097,0.0528,0.9148,227.2,-1.4,0.0
823658,2026-09-11_08-37-21.658-240,v5.1.3,3.42,12.0,1600,-4670,-7350,29274,-9337,-7520,28794,-7693.64,-13088.75,47841.27,-7159.91,-11459.00,48957.93,0.00,0.00,0.00,533.73,1629.76,1116.66,2046.44,2046.44,0.990,0.128,0.533,-3.766,-0.297,-0.297,6794,298.5,0,-0.4002,-0.0098,0.0536,0.9148,227.2,-1.4,0.0
823718,2026-09-11_08-37-21.720-240,v5.1.3,3.42,12.0,1600,-4668,-7389,29345,-9363,-7574,28704,-7689.80,-13155.74,47957.61,-7224.82,-11552.02,48821.75,0.00,0.00,0.00,464.98,1603.72,864.14,1880.12,1880.12,0.988,0.122,0.535,-3.516,-0.578,0.141,6784,277.3,0,-0.4003,-0.0097,0.0539,0.9148,227.2,-1.5,0.0
823779,2026-09-11_08-37-21.780-240,v5.1.3,3.42,12.0,1600,-4652,-7378,29247,-9368,-7549,28719,-7663.50,-13134.38,47797.77,-7230.22,-11510.63,48846.59,0.00,0.00,0.00,433.28,1623.75,1048.82,1980.99,1980.99,0.987,0.123,0.535,-3.969,-0.422,0.078,6784,290.2,0,-0.4001,-0.0097,0.0541,0.9148,227.2,-1.5,0.0
823835,2026-09-11_08-37-21.836-240,v5.1.3,3.42,12.0,1600,-4747,-7330,29256,-9371,-7492,28773,-7821.27,-13053.54,47811.59,-7223.21,-11415.12,48932.76,0.00,0.00,0.00,598.05,1638.42,1121.16,2073.43,2073.43,0.986,0.115,0.536,-3.094,-0.062,0.562,6781,301.9,0,-0.4005,-0.0098,0.0538,0.9147,227.2,-1.4,0.0
823892,2026-09-11_08-37-22.893-240,v5.1.3,3.42,12.0,1600,-4694,-7361,29329,-9371,-7524,28704,-7733.18,-13108.41,47931.06,-7240.65,-11470.60,48822.67,0.00,0.00,0.00,492.53,1637.81,891.61,1928.73,1928.73,0.984,0.108,0.539,-3.172,-0.125,-3.422,6781,283.5,0,-0.3999,-0.0105,0.0547,0.9149,227.1,-1.4,0.0
823953,2026-09-11_08-37-22.953-240,v5.1.3,3.42,12.0,1600,-4730,-7381,29245,-9397,-7552,28804,-7792.47,-13137.70,47794.55,-7254.24,-11512.23,48991.18,0.00,0.00,0.00,538.23,1625.46,1196.63,2088.96,2088.96,0.989,0.117,0.536,-3.969,-0.391,0.766,6781,303.9,0,-0.4000,-0.0102,0.0541,0.9149,227.2,-1.4,0.0
824025,2026-09-11_08-37-22.026-240,v5.1.3,3.42,12.0,1600,-4675,-7388,29380,-9279,-7559,28832,-7701.39,-13155.21,48014.61,-7051.78,-11519.45,49004.15,0.00,0.00,0.00,649.60,1635.76,989.54,2019.13,2019.13,0.985,0.135,0.535,-3.062,-0.672,0.062,6783,295.0,0,-0.4002,-0.0105,0.0553,0.9147,227.2,-1.4,0.0
824085,2026-09-11_08-37-22.086-240,v5.1.3,3.42,12.0,1600,-4720,-7396,29262,-9362,-7584,28754,-7775.72,-13163.28,47822.51,-7208.77,-11565.97,48902.08,0.00,0.00,0.00,566.95,1597.31,1079.57,2009.55,2009.55,0.988,0.116,0.535,-3.031,-0.359,-0.406,6783,293.8,0,-0.4004,-0.0104,0.0554,0.9146,227.2,-1.4,0.0
824148,2026-09-11_08-37-22.148-240,v5.1.3,3.42,12.0,1600,-4679,-7320,29242,-9354,-7512,28762,-7708.94,-13037.89,47788.62,-7197.21,-11447.86,48910.94,0.00,0.00,0.00,511.73,1590.02,1122.32,2012.37,2012.37,0.987,0.110,0.540,-3.891,-0.578,3.906,6780,294.2,0,-0.4013,-0.0095,0.0529,0.9144,227.3,-1.4,0.0
824208,2026-09-11_08-37-22.210-240,v5.1.3,3.42,12.0,1600,-4657,-7353,29388,-9361,-7558,28765,-7672.08,-13098.07,48027.04,-7205.45,-11522.98,48918.83,0.00,0.00,0.00,466.63,1575.08,891.79,1869.20,1869.20,0.986,0.120,0.539,-0.250,-1.109,0.781,6780,275.9,0,-0.4028,-0.0095,0.0539,0.9136,227.5,-1.5,0.0
824270,2026-09-11_08-37-22.271-240,v5.1.3,3.42,12.0,1600,-4704,-7353,29369,-9399,-7524,28731,-7749.82,-13096.44,47996.09,-7279.27,-11470.02,48873.70,0.00,0.00,0.00,470.55,1626.43,877.62,1907.06,1907.06,0.985,0.128,0.535,-3.562,-0.438,0.531,6778,280.7,0,-0.4030,-0.0096,0.0542,0.9136,227.5,-1.5,0.0
824329,2026-09-11_08-37-22.330-240,v5.1.3,3.47,12.0,1600,-4693,-7339,29363,-9355,-7503,28888,-7731.82,-13073.33,47986.07,-7164.38,-11427.26,49113.48,0.00,0.00,0.00,567.44,1646.07,1127.42,2074.27,2074.27,0.986,0.121,0.539,-3.516,-0.281,-0.312,6778,302.1,0,-0.4029,-0.0100,0.0544,0.9136,227.5,-1.5,0.0
824387,2026-09-11_08-37-22.388-240,v5.1.3,3.47,12.0,1600,-4672,-7383,29321,-9346,-7532,28796,-7696.50,-13144.89,47918.41,-7173.54,-11478.71,48963.91,0.00,0.00,0.00,522.96,1666.18,1045.50,2035.37,2035.37,0.987,0.099,0.542,-4.172,-0.109,0.422,6778,297.1,0,-0.4028,-0.0098,0.0531,0.9137,227.5,-1.4,0.0
824444,2026-09-11_08-37-22.445-240,v5.1.3,3.47,12.0,1600,-4721,-7295,29259,-9351,-7458,28792,-7778.73,-12996.38,47815.88,-7186.82,-11358.23,48956.98,0.00,0.00,0.00,591.92,1638.15,1141.09,2082.30,2082.30,0.986,0.114,0.539,-3.953,-0.016,0.453,6780,303.1,0,-0.4028,-0.0099,0.0527,0.9137,227.5,-1.4,0.0
824502,2026-09-11_08-37-22.504-240,v5.1.3,3.47,12.0,1600,-4711,-7347,29203,-9354,-7515,28681,-7761.51,-13080.43,47725.55,-7219.51,-11456.58,48780.84,0.00,0.00,0.00,541.99,1623.85,1055.29,2011.04,2011.04,0.988,0.109,0.538,-3.688,-0.328,0.203,6780,294.0,0,-0.4028,-0.0097,0.0523,0.9137,227.5,-1.4,0.0
824583,2026-09-11_08-37-22.584-240,v5.1.3,3.47,12.0,1600,-4708,-7315,29313,-9379,-7500,28702,-7756.95,-13031.60,47904.20,-7255.66,-11431.72,48821.04,0.00,0.00,0.00,501.30,1599.88,916.84,1910.90,1910.90,0.984,0.108,0.536,-3.750,-0.516,0.000,6780,281.2,0,-0.4027,-0.0094,0.0520,0.9138,227.5,-1.4,0.0
824671,2026-09-11_08-37-22.677-240,v5.1.3,3.47,12.0,1600,-4728,-7367,29294,-9382,-7529,28811,-7789.34,-13116.38,47874.14,-7228.82,-11473.99,48997.76,0.00,0.00,0.00,560.52,1642.39,1123.62,2067.40,2067.40,0.986,0.117,0.537,-3.828,-0.641,0.312,6780,301.2,0,-0.4026,-0.0092,0.0522,0.9138,227.5,-1.4,0.0
824765,2026-09-11_08-37-22.766-240,v5.1.3,3.47,12.0,1600,-4702,-7357,29528,-9355,-7504,28881,-7746.43,-13108.80,48255.18,-7166.27,-11429.22,49102.26,0.00,0.00,0.00,580.16,1679.58,847.08,1968.53,1968.53,0.987,0.125,0.536,-4.125,-0.828,0.094,6777,288.6,0,-0.4022,-0.0091,0.0531,0.9140,227.4,-1.5,0.0
824851,2026-09-11_08-37-22.853-240,v5.1.3,3.47,12.0,1600,-4711,-7347,29296,-9345,-7503,28726,-7761.49,-13083.77,47877.05,-7192.85,-11434.65,48850.40,0.00,0.00,0.00,568.64,1649.12,973.35,1997.59,1997.59,0.985,0.108,0.537,-4.000,-0.469,0.062,6783,292.3,0,-0.4020,-0.0089,0.0524,0.9141,227.4,-1.5,0.0
824923,2026-09-11_08-37-23.923-240,v5.1.3,3.47,12.0,1600,-4711,-7353,29269,-9353,-7525,28755,-7761.41,-13092.71,47833.17,-7196.81,-11469.39,48899.75,0.00,0.00,0.00,564.61,1623.32,1066.57,2022.75,2022.75,0.988,0.110,0.535,-3.328,-0.547,-0.125,6783,295.5,0,-0.4021,-0.0087,0.0525,0.9140,227.4,-1.5,0.0
824983,2026-09-11_08-37-23.983-240,v5.1.3,3.47,12.0,1600,-4685,-7374,29420,-9308,-7545,28792,-7718.11,-13133.33,48079.53,-7111.38,-11499.19,48947.43,0.00,0.00,0.00,606.72,1634.14,867.90,1947.25,1947.25,0.989,0.122,0.536,-3.516,-0.250,-0.141,6779,285.8,0,-0.4021,-0.0089,0.0530,0.9140,227.4,-1.5,0.0
825043,2026-09-11_08-37-23.045-240,v5.1.3,3.47,12.0,1600,-4714,-7380,29484,-9377,-7590,28823,-7765.98,-13144.96,48183.89,-7214.01,-11572.88,49017.22,0.00,0.00,0.00,551.97,1572.08,833.32,1862.94,1862.94,0.987,0.123,0.538,-3.797,-0.453,-0.328,6779,275.1,0,-0.4019,-0.0092,0.0535,0.9141,227.4,-1.5,0.0
825108,2026-09-11_08-37-23.108-240,v5.1.3,3.47,12.0,1600,-4658,-7356,29351,-9367,-7570,28711,-7673.70,-13101.67,47966.82,-7229.67,-11545.26,48833.98,0.00,0.00,0.00,444.03,1556.41,867.17,1836.18,1836.18,0.986,0.132,0.539,-2.859,-0.234,0.375,6779,271.7,0,-0.4023,-0.0098,0.0542,0.9139,227.4,-1.5,0.0
825169,2026-09-11_08-37-23.170-240,v5.1.3,3.47,12.0,1600,-4683,-7304,29288,-9380,-7494,28722,-7715.76,-13013.04,47863.29,-7252.07,-11421.00,48853.30,0.00,0.00,0.00,463.69,1592.04,990.02,1931.25,1931.25,0.985,0.122,0.536,-2.656,-0.422,-0.766,6786,283.8,0,-0.4025,-0.0102,0.0549,0.9137,227.5,-1.5,0.0
825228,2026-09-11_08-37-23.230-240,v5.1.3,3.47,12.0,1600,-4709,-7347,29286,-9387,-7571,28781,-7758.18,-13083.45,47860.76,-7243.14,-11544.09,48951.97,0.00,0.00,0.00,515.05,1539.36,1091.21,1955.93,1955.93,0.986,0.100,0.540,-3.266,-0.734,-0.516,6786,287.0,0,-0.4024,-0.0099,0.0542,0.9138,227.5,-1.5,0.0
825288,2026-09-11_08-37-23.290-240,v5.1.3,3.47,12.0,1600,-4593,-7335,29284,-9260,-7513,28764,-7566.49,-13065.89,47857.31,-7041.81,-11447.10,48888.53,0.00,0.00,0.00,524.69,1618.79,1031.21,1989.77,1989.77,0.989,0.108,0.541,-3.516,-0.328,0.000,6780,291.3,0,-0.4024,-0.0098,0.0536,0.9138,227.5,-1.4,0.0
825349,2026-09-11_08-37-23.350-240,v5.1.3,3.47,12.0,1600,-4648,-7372,29351,-9376,-7576,28740,-7656.95,-13128.29,47967.09,-7236.13,-11553.91,48883.20,0.00,0.00,0.00,420.82,1574.38,916.11,1869.50,1869.50,0.988,0.100,0.538,-4.250,-0.297,0.672,6780,275.9,0,-0.4022,-0.0093,0.0523,0.9140,227.4,-1.4,0.0
825405,2026-09-11_08-37-23.406-240,v5.1.3,3.47,12.0,1600,-4723,-7368,29268,-9371,-7549,28838,-7781.06,-13117.20,47831.80,-7202.15,-11505.10,49038.66,0.00,0.00,0.00,578.91,1612.10,1206.86,2095.36,2095.36,0.986,0.122,0.538,-3.469,-0.719,-0.281,6780,304.7,0,-0.4021,-0.0094,0.0528,0.9140,227.4,-1.5,0.0
825462,2026-09-11_08-37-23.463-240,v5.1.3,3.47,12.0,1600,-4706,-7419,29298,-9377,-7613,28703,-7752.26,-13202.83,47881.55,-7246.07,-11616.08,48824.94,0.00,0.00,0.00,506.18,1586.75,943.39,1914.16,1914.16,0.985,0.124,0.534,-3.688,-0.531,0.469,6779,281.6,0,-0.4020,-0.0092,0.0531,0.9140,227.4,-1.5,0.0
825523,2026-09-11_08-37-23.523-240,v5.1.3,3.47,12.0,1600,-4656,-7369,29356,-9331,-7551,28782,-7670.22,-13123.35,47975.19,-7151.71,-11510.02,48937.79,0.00,0.00,0.00,518.51,1613.33,962.60,1948.92,1948.92,0.985,0.131,0.535,-4.234,-0.656,-0.078,6779,286.1,0,-0.4016,-0.0094,0.0538,0.9142,227.4,-1.5,0.0
825583,2026-09-11_08-37-23.583-240,v5.1.3,3.47,12.0,1600,-4788,-7302,29241,-9441,-7471,28712,-7889.45,-13005.95,47786.67,-7356.52,-11385.43,48853.30,0.00,0.00,0.00,532.93,1620.52,1066.62,2011.91,2011.91,0.988,0.122,0.537,-4.125,-0.406,0.500,6779,294.1,0,-0.4014,-0.0093,0.0535,0.9143,227.3,-1.5,0.0
825645,2026-09-11_08-37-23.646-240,v5.1.3,3.47,12.0,1600,-4664,-7338,29328,-9335,-7567,28797,-7683.87,-13071.00,47929.04,-7153.28,-11535.53,48963.39,0.00,0.00,0.00,530.59,1535.47,1034.35,1925.90,1925.90,0.987,0.122,0.534,-4.047,-0.422,0.438,6779,283.1,0,-0.4013,-0.0092,0.0535,0.9144,227.3,-1.5,0.0
825705,2026-09-11_08-37-23.706-240,v5.1.3,3.47,12.0,1600,-4704,-7333,29349,-9333,-7511,28796,-7750.09,-13062.70,47963.16,-7153.25,-11444.11,48959.83,0.00,0.00,0.00,596.85,1618.58,996.67,1992.33,1992.33,0.987,0.123,0.537,-3.375,-0.688,-0.312,6777,291.6,0,-0.4012,-0.0093,0.0539,0.9144,227.3,-1.5,0.0
825787,2026-09-11_08-37-23.788-240,v5.1.3,3.47,12.0,1600,-4653,-7320,29282,-9325,-7503,28700,-7665.93,-13039.85,47853.79,-7167.13,-11435.38,48803.16,0.00,0.00,0.00,498.80,1604.46,949.37,1929.87,1929.87,0.985,0.103,0.535,-3.844,-0.375,0.156,6777,283.6,0,-0.4010,-0.0088,0.0527,0.9145,227.3,-1.5,0.0
825849,2026-09-11_08-37-23.850-240,v5.1.3,3.47,12.0,1600,-4651,-7342,29260,-9377,-7547,28774,-7662.33,-13075.42,47818.33,-7229.89,-11504.99,48937.39,0.00,0.00,0.00,432.44,1570.43,1119.06,1976.24,1976.24,0.989,0.108,0.533,-3.500,-0.609,0.156,6772,289.5,0,-0.4010,-0.0083,0.0524,0.9145,227.3,-1.5,0.0
825910,2026-09-11_08-37-24.911-240,v5.1.3,3.47,12.0,1600,-4659,-7337,29255,-9330,-7504,28692,-7675.63,-13066.83,47810.10,-7177.53,-11437.52,48791.69,0.00,0.00,0.00,498.10,1629.31,981.59,1966.29,1966.29,0.984,0.107,0.541,-4.328,-0.656,0.891,6772,288.3,0,-0.4009,-0.0081,0.0515,0.9147,227.3,-1.5,0.0
825970,2026-09-11_08-37-24.971-240,v5.1.3,3.47,12.0,1600,-4680,-7365,29423,-9356,-7540,28806,-7709.96,-13118.68,48084.27,-7186.80,-11491.54,48982.91,0.00,0.00,0.00,523.15,1627.13,898.64,1931.01,1931.01,0.987,0.132,0.536,-4.203,-0.656,0.578,6772,283.8,0,-0.4006,-0.0082,0.0521,0.9147,227.2,-1.5,0.0
826030,2026-09-11_08-37-24.031-240,v5.1.3,3.47,12.0,1600,-4676,-7378,29356,-9330,-7595,28877,-7703.18,-13137.82,47975.34,-7121.37,-11577.34,49091.30,0.00,0.00,0.00,581.81,1560.47,1115.96,2004.73,2004.73,0.987,0.131,0.539,-3.984,-0.734,1.031,6780,293.2,0,-0.4006,-0.0083,0.0524,0.9147,227.2,-1.5,0.0
826086,2026-09-11_08-37-24.087-240,v5.1.3,3.47,12.0,1600,-4707,-7290,29274,-9370,-7441,28798,-7755.64,-12988.94,47840.23,-7217.34,-11330.66,48971.38,0.00,0.00,0.00,538.30,1658.28,1131.14,2078.25,2078.25,0.985,0.132,0.539,-3.312,-0.016,0.000,6780,302.6,0,-0.4006,-0.0091,0.0530,0.9147,227.2,-1.5,0.0
826144,2026-09-11_08-37-24.145-240,v5.1.3,3.47,12.0,1600,-4687,-7354,29194,-9312,-7518,28734,-7721.72,-13092.14,47711.01,-7135.49,-11457.95,48854.63,0.00,0.00,0.00,586.23,1634.19,1143.62,2078.97,2078.97,0.989,0.119,0.540,-2.578,-0.188,-0.125,6777,302.7,0,-0.4009,-0.0094,0.0534,0.9145,227.3,-1.5,0.0
826203,2026-09-11_08-37-24.203-240,v5.1.3,3.47,12.0,1600,-4591,-7386,29356,-9298,-7533,28851,-7562.49,-13152.73,47975.49,-7079.19,-11476.58,49039.22,0.00,0.00,0.00,483.30,1676.15,1063.73,2043.18,2043.18,0.985,0.111,0.541,-4.125,-0.672,0.297,6777,298.1,0,-0.4007,-0.0093,0.0528,0.9146,227.2,-1.5,0.0
826263,2026-09-11_08-37-24.265-240,v5.1.3,3.47,12.0,1600,-4647,-7386,29267,-9332,-7529,28724,-7655.12,-13148.41,47830.49,-7170.61,-11476.87,48844.30,0.00,0.00,0.00,484.51,1671.54,1013.81,2014.10,2014.10,0.986,0.114,0.536,-4.609,-1.062,0.219,6777,294.4,0,-0.4002,-0.0087,0.0526,0.9149,227.2,-1.5,0.0
826328,2026-09-11_08-37-24.328-240,v5.1.3,3.47,12.0,1600,-4645,-7333,29277,-9329,-7572,28722,-7652.52,-13061.29,47845.87,-7163.94,-11547.08,48841.34,0.00,0.00,0.00,488.58,1514.22,995.47,1876.84,1876.84,0.986,0.127,0.537,-3.984,-1.125,3.875,6784,276.9,0,-0.4009,-0.0079,0.0515,0.9146,227.3,-1.5,0.0
826389,2026-09-11_08-37-24.390-240,v5.1.3,3.47,12.0,1600,-4626,-7330,29243,-9329,-7579,28758,-7621.15,-13055.50,47790.43,-7153.58,-11556.81,48899.38,0.00,0.00,0.00,467.56,1498.69,1108.95,1922.10,1922.10,0.988,0.130,0.538,-4.062,-0.375,0.281,6784,282.6,0,-0.4006,-0.0082,0.0522,0.9147,227.2,-1.5,0.0
826449,2026-09-11_08-37-24.450-240,v5.1.3,3.47,12.0,1600,-4734,-7358,29307,-9359,-7555,28826,-7799.38,-13101.87,47895.16,-7185.40,-11515.16,49016.25,0.00,0.00,0.00,613.98,1586.71,1121.09,2037.51,2037.51,0.985,0.113,0.538,-2.844,-0.500,3.672,6781,297.4,0,-0.4017,-0.0078,0.0509,0.9143,227.4,-1.5,0.0
826508,2026-09-11_08-37-24.509-240,v5.1.3,3.47,12.0,1600,-4648,-7318,29304,-9381,-7547,28763,-7657.68,-13037.44,47889.59,-7239.53,-11505.61,48920.80,0.00,0.00,0.00,418.15,1531.83,1031.21,1893.34,1893.34,0.986,0.116,0.539,-4.109,-0.281,0.594,6781,279.0,0,-0.4015,-0.0080,0.0508,0.9144,227.3,-1.5,0.0
826565,2026-09-11_08-37-24.567-240,v5.1.3,3.47,12.0,1600,-4694,-7375,29223,-9299,-7556,28697,-7733.01,-13127.72,47758.61,-7122.33,-11521.40,48792.57,0.00,0.00,0.00,610.69,1606.32,1033.96,2005.56,2005.56,0.987,0.114,0.536,-3.578,-0.766,0.281,6780,293.3,0,-0.4015,-0.0078,0.0512,0.9144,227.3,-1.5,0.0
826642,2026-09-11_08-37-24.643-240,v5.1.3,3.47,12.0,1600,-4658,-7371,29294,-9273,-7554,28782,-7673.51,-13124.39,47874.21,-7056.04,-11513.49,48922.04,0.00,0.00,0.00,617.47,1610.89,1047.82,2018.46,2018.46,0.985,0.119,0.534,-3.594,-0.781,0.547,6780,294.9,0,-0.4014,-0.0076,0.0518,0.9144,227.3,-1.6,0.0
826699,2026-09-11_08-37-24.700-240,v5.1.3,3.47,12.0,1600,-4660,-7289,29361,-9357,-7506,28766,-7677.91,-12991.36,47981.95,-7201.35,-11437.95,48918.04,0.00,0.00,0.00,476.55,1553.41,936.09,1875.21,1875.21,0.991,0.121,0.535,-4.016,-0.328,0.531,6780,276.7,0,-0.4013,-0.0077,0.0520,0.9145,227.3,-1.6,0.0
826756,2026-09-11_08-37-24.757-240,v5.1.3,3.47,12.0,1600,-4708,-7359,29383,-9340,-7552,28792,-7756.35,-13106.77,48018.99,-7163.70,-11511.40,48956.34,0.00,0.00,0.00,592.65,1595.37,937.35,1942.95,1942.95,0.988,0.133,0.535,-3.281,-0.609,0.469,6767,285.3,0,-0.4014,-0.0079,0.0529,0.9144,227.3,-1.6,0.0
826818,2026-09-11_08-37-24.818-240,v5.1.3,3.47,12.0,1600,-4680,-7355,29295,-9366,-7542,28686,-7710.11,-13097.56,47875.57,-7236.45,-11500.71,48792.83,0.00,0.00,0.00,473.66,1596.85,917.27,1901.49,1901.49,0.986,0.122,0.535,-3.688,-0.641,0.016,6767,280.0,0,-0.4012,-0.0081,0.0533,0.9144,227.3,-1.6,0.0
826878,2026-09-11_08-37-25.878-240,v5.1.3,3.47,12.0,1600,-4667,-7377,29321,-9322,-7544,28662,-7688.31,-13135.09,47918.30,-7170.55,-11504.03,48742.30,0.00,0.00,0.00,517.76,1631.06,824.00,1899.32,1899.32,0.986,0.118,0.539,-3.594,-0.438,0.531,6769,279.7,0,-0.4012,-0.0084,0.0532,0.9144,227.3,-1.6,0.0
826938,2026-09-11_08-37-25.939-240,v5.1.3,3.47,12.0,1600,-4619,-7389,29307,-9315,-7587,28675,-7608.77,-13155.36,47895.71,-7153.13,-11573.43,48762.36,0.00,0.00,0.00,455.64,1581.92,866.66,1860.43,1860.43,0.984,0.097,0.539,-3.672,-0.453,0.906,6769,274.8,0,-0.4013,-0.0080,0.0519,0.9144,227.3,-1.5,0.0
826998,2026-09-11_08-37-25.998-240,v5.1.3,3.47,12.0,1600,-4643,-7411,29327,-9297,-7571,28801,-7648.16,-13191.92,47928.67,-7089.39,-11540.94,48959.55,0.00,0.00,0.00,558.78,1650.99,1030.88,2025.02,2025.02,0.987,0.109,0.540,-4.031,-0.641,0.547,6774,295.8,0,-0.4011,-0.0079,0.0516,0.9145,227.3,-1.5,0.0
827059,2026-09-11_08-37-25.060-240,v5.1.3,3.47,12.0,1600,-4648,-7344,29266,-9384,-7579,28737,-7657.34,-13079.00,47828.14,-7249.98,-11559.15,48880.64,0.00,0.00,0.00,407.36,1519.85,1052.50,1893.05,1893.05,0.987,0.113,0.540,-3.266,-0.391,0.453,6774,278.9,0,-0.4012,-0.0081,0.0516,0.9145,227.3,-1.5,0.0
827118,2026-09-11_08-37-25.118-240,v5.1.3,3.47,12.0,1600,-4759,-7331,29269,-9413,-7522,28730,-7841.10,-13055.42,47832.79,-7302.71,-11467.14,48875.87,0.00,0.00,0.00,538.39,1588.28,1043.08,1974.97,1974.97,0.990,0.120,0.534,-4.188,-1.188,0.406,6774,289.4,0,-0.4009,-0.0078,0.0520,0.9146,227.3,-1.6,0.0
827177,2026-09-11_08-37-25.178-240,v5.1.3,3.47,12.0,1600,-4654,-7361,29278,-9345,-7575,28719,-7667.03,-13107.38,47847.98,-7190.96,-11552.51,48840.96,0.00,0.00,0.00,476.07,1554.87,992.98,1905.33,1905.33,0.988,0.127,0.534,-3.219,-0.594,-0.406,6790,280.5,0,-0.4008,-0.0081,0.0532,0.9146,227.3,-1.6,0.0
827234,2026-09-11_08-37-25.234-240,v5.1.3,3.47,12.0,1600,-4625,-7374,29354,-9306,-7542,28728,-7618.88,-13132.16,47972.02,-7126.00,-11497.26,48843.95,0.00,0.00,0.00,492.88,1634.90,871.93,1917.31,1917.31,0.987,0.115,0.536,-3.891,-0.391,0.219,6790,282.0,0,-0.4007,-0.0082,0.0531,0.9147,227.2,-1.6,0.0
827292,2026-09-11_08-37-25.293-240,v5.1.3,3.47,12.0,1600,-4676,-7346,29223,-9312,-7513,28701,-7703.63,-13080.20,47758.12,-7144.91,-11451.34,48801.47,0.00,0.00,0.00,558.72,1628.85,1043.35,2013.43,2013.43,0.988,0.131,0.536,-3.578,-0.516,0.641,6784,294.3,0,-0.4007,-0.0085,0.0537,0.9146,227.2,-1.6,0.0
827353,2026-09-11_08-37-25.353-240,v5.1.3,3.47,12.0,1600,-4662,-7373,29317,-9314,-7528,28782,-7680.10,-13128.44,47911.72,-7124.94,-11472.06,48932.57,0.00,0.00,0.00,555.16,1656.38,1020.85,2023.35,2023.35,0.989,0.122,0.537,-3.469,-1.125,0.984,6784,295.6,0,-0.4008,-0.0083,0.0538,0.9145,227.2,-1.6,0.0
827423,2026-09-11_08-37-25.423-240,v5.1.3,3.47,12.0,1600,-4704,-7343,29309,-9336,-7510,28766,-7749.96,-13077.77,47898.17,-7166.56,-11443.97,48912.41,0.00,0.00,0.00,583.40,1633.80,1014.24,2009.56,2009.56,0.987,0.121,0.538,-3.672,-0.484,0.328,6784,293.8,0,-0.4008,-0.0086,0.0538,0.9146,227.2,-1.6,0.0
827483,2026-09-11_08-37-25.485-240,v5.1.3,3.47,12.0,1600,-4661,-7388,29279,-9354,-7570,28750,-7678.25,-13151.86,47850.07,-7197.45,-11543.11,48893.12,0.00,0.00,0.00,480.80,1608.75,1043.05,1976.66,1976.66,0.985,0.113,0.538,-4.453,-0.766,1.141,6784,289.6,0,-0.4005,-0.0084,0.0531,0.9147,227.2,-1.6,0.0
827548,2026-09-11_08-37-25.548-240,v5.1.3,3.47,12.0,1600,-4609,-7341,29346,-9212,-7560,28721,-7592.86,-13077.70,47958.42,-6972.19,-11524.67,48807.50,0.00,0.00,0.00,620.67,1553.03,849.08,1875.66,1875.66,0.985,0.125,0.532,-4.125,-0.875,-0.500,6784,276.7,0,-0.4000,-0.0084,0.0540,0.9149,227.2,-1.6,0.0
827609,2026-09-11_08-37-25.610-240,v5.1.3,3.47,12.0,1600,-4603,-7375,29443,-9336,-7551,28851,-7582.47,-13137.45,48117.03,-7140.80,-11506.89,49050.04,0.00,0.00,0.00,441.66,1630.56,933.01,1929.85,1929.85,0.987,0.127,0.539,-3.547,-0.531,-0.188,6771,283.6,0,-0.3999,-0.0089,0.0546,0.9149,227.1,-1.6,0.0
827668,2026-09-11_08-37-25.669-240,v5.1.3,3.47,12.0,1600,-4716,-7350,29266,-9400,-7577,28702,-7769.72,-13087.54,47828.23,-7286.14,-11557.92,48828.71,0.00,0.00,0.00,483.58,1529.62,1000.48,1890.65,1890.65,0.986,0.123,0.539,-3.719,-0.812,-0.266,6771,278.6,0,-0.3997,-0.0092,0.0549,0.9150,227.1,-1.5,0.0
827728,2026-09-11_08-37-25.728-240,v5.1.3,3.47,12.0,1600,-4707,-7277,29432,-9362,-7454,28828,-7755.79,-12973.15,48097.41,-7195.16,-11350.27,49017.73,0.00,0.00,0.00,560.63,1622.88,920.32,1948.09,1948.09,0.987,0.115,0.539,-3.734,-0.625,-0.406,6774,286.0,0,-0.3996,-0.0094,0.0547,0.9150,227.1,-1.5,0.0
827786,2026-09-11_08-37-25.787-240,v5.1.3,3.47,12.0,1600,-4650,-7387,29233,-9355,-7567,28745,-7660.08,-13148.77,47775.12,-7200.64,-11538.47,48885.28,0.00,0.00,0.00,459.44,1610.31,1110.16,2009.13,2009.13,0.985,0.116,0.540,-3.312,-0.875,0.094,6774,293.7,0,-0.3996,-0.0095,0.0546,0.9150,227.1,-1.5,0.0
827843,2026-09-11_08-37-25.843-240,v5.1.3,3.47,12.0,1600,-4627,-7359,29339,-9246,-7530,28826,-7622.39,-13106.81,47947.32,-7000.65,-11471.58,48984.77,0.00,0.00,0.00,621.74,1635.23,1037.45,2033.92,2033.92,0.984,0.109,0.539,-4.094,-0.438,1.094,6774,296.9,0,-0.3997,-0.0093,0.0536,0.9150,227.1,-1.5,0.0
827900,2026-09-11_08-37-26.900-240,v5.1.3,3.47,12.0,1600,-4704,-7369,29291,-9351,-7514,28705,-7749.62,-13120.06,47869.29,-7207.97,-11453.74,48818.57,0.00,0.00,0.00,541.65,1666.31,949.28,1992.76,1992.76,0.986,0.133,0.537,-3.828,-0.531,0.203,6787,291.7,0,-0.3995,-0.0097,0.0542,0.9151,227.1,-1.5,0.0
827958,2026-09-11_08-37-26.958-240,v5.1.3,3.47,12.0,1600,-4659,-7386,29315,-9325,-7552,28815,-7674.96,-13149.89,47908.68,-7132.62,-11509.95,48989.21,0.00,0.00,0.00,542.34,1639.94,1080.53,2037.42,2037.42,0.984,0.130,0.537,-3.406,-0.312,0.375,6787,297.4,0,-0.3996,-0.0101,0.0546,0.9150,227.1,-1.4,0.0
828018,2026-09-11_08-37-26.020-240,v5.1.3,3.47,12.0,1600,-4639,-7387,29420,-9339,-7560,28787,-7641.85,-13155.72,48079.76,-7163.02,-11524.67,48948.23,0.00,0.00,0.00,478.83,1631.05,868.48,1908.89,1908.89,0.987,0.118,0.536,-3.359,-0.500,0.688,6775,281.0,0,-0.3999,-0.0099,0.0544,0.9149,227.1,-1.5,0.0
828080,2026-09-11_08-37-26.081-240,v5.1.3,3.47,12.0,1600,-4675,-7347,29347,-9330,-7541,28823,-7701.94,-13086.33,47960.14,-7139.22,-11491.74,49003.16,0.00,0.00,0.00,562.72,1594.58,1043.01,1986.76,1986.76,0.984,0.109,0.538,-3.609,-0.516,-0.500,6775,290.9,0,-0.3997,-0.0100,0.0542,0.9150,227.1,-1.4,0.0
828143,2026-09-11_08-37-26.143-240,v5.1.3,3.47,12.0,1600,-4774,-7349,29356,-9427,-7575,28753,-7865.65,-13087.97,47974.83,-7316.56,-11552.92,48917.99,0.00,0.00,0.00,549.08,1535.05,943.16,1883.46,1883.46,0.989,0.108,0.540,-3.781,-0.578,0.688,6775,277.7,0,-0.3998,-0.0097,0.0533,0.9150,227.1,-1.4,0.0
828204,2026-09-11_08-37-26.204-240,v5.1.3,3.47,12.0,1600,-4684,-7327,29343,-9361,-7561,28773,-7717.09,-13052.98,47953.28,-7203.08,-11527.50,48931.76,0.00,0.00,0.00,514.02,1525.47,978.48,1883.80,1883.80,0.982,0.101,0.538,-3.719,-0.766,0.047,6782,277.8,0,-0.3997,-0.0094,0.0525,0.9151,227.1,-1.4,0.0
828280,2026-09-11_08-37-26.281-240,v5.1.3,3.47,12.0,1600,-4595,-7318,29286,-9262,-7512,28772,-7570.03,-13037.85,47860.28,-7042.93,-11445.14,48901.90,0.00,0.00,0.00,527.09,1592.71,1041.62,1974.73,1974.73,0.989,0.109,0.540,-3.469,-0.844,0.203,6782,289.4,0,-0.3998,-0.0092,0.0524,0.9151,227.1,-1.4,0.0
828339,2026-09-11_08-37-26.340-240,v5.1.3,3.47,12.0,1600,-4664,-7285,29309,-9332,-7476,28843,-7684.59,-12982.80,47897.18,-7140.42,-11384.74,49034.21,0.00,0.00,0.00,544.16,1598.06,1137.04,2035.38,2035.38,0.987,0.119,0.538,-3.781,-0.328,0.594,6778,297.1,0,-0.3998,-0.0093,0.0524,0.9151,227.1,-1.4,0.0
828395,2026-09-11_08-37-26.396-240,v5.1.3,3.47,12.0,1600,-4678,-7375,29349,-9327,-7532,28828,-7706.53,-13132.57,47963.88,-7133.37,-11476.74,49010.15,0.00,0.00,0.00,573.15,1655.83,1046.27,2040.82,2040.82,0.993,0.115,0.535,-3.859,-0.281,0.328,6778,297.8,0,-0.3997,-0.0092,0.0524,0.9151,227.1,-1.4,0.0
828451,2026-09-11_08-37-26.452-240,v5.1.3,3.47,12.0,1600,-4676,-7363,29333,-9403,-7542,28727,-7703.38,-13112.22,47937.61,-7286.01,-11499.69,48868.82,0.00,0.00,0.00,417.37,1612.54,931.21,1908.30,1908.30,0.989,0.124,0.538,-3.375,-0.453,-0.156,6784,280.9,0,-0.3997,-0.0095,0.0531,0.9151,227.1,-1.4,0.0
828510,2026-09-11_08-37-26.511-240,v5.1.3,3.47,12.0,1600,-4654,-7359,29194,-9290,-7506,28722,-7667.07,-13101.06,47711.10,-7103.23,-11438.39,48829.04,0.00,0.00,0.00,563.84,1662.67,1117.94,2081.39,2081.39,0.987,0.123,0.535,-4.484,-0.500,0.609,6784,303.0,0,-0.3994,-0.0094,0.0532,0.9152,227.1,-1.4,0.0
828570,2026-09-11_08-37-26.571-240,v5.1.3,3.47,12.0,1600,-4617,-7386,29376,-9272,-7534,28787,-7605.49,-13152.93,48008.07,-7054.07,-11480.59,48929.29,0.00,0.00,0.00,551.42,1672.34,921.23,1987.32,1987.32,0.986,0.110,0.537,-3.609,-0.719,-0.250,6784,291.0,0,-0.3992,-0.0093,0.0532,0.9153,227.1,-1.5,0.0
828633,2026-09-11_08-37-26.633-240,v5.1.3,3.47,12.0,1600,-4644,-7356,29404,-9324,-7544,28853,-7650.54,-13103.86,48053.16,-7120.86,-11495.08,49049.81,0.00,0.00,0.00,529.68,1608.78,996.65,1965.21,1965.21,0.986,0.117,0.536,-3.641,-0.812,-0.359,6783,288.1,0,-0.3990,-0.0093,0.0536,0.9153,227.0,-1.5,0.0
828694,2026-09-11_08-37-26.695-240,v5.1.3,3.47,12.0,1600,-4637,-7354,29249,-9361,-7566,28718,-7639.02,-13095.12,47800.61,-7218.07,-11538.26,48843.50,0.00,0.00,0.00,420.95,1556.86,1042.88,1920.58,1920.58,0.990,0.119,0.538,-3.703,-0.859,0.141,6783,282.4,0,-0.3990,-0.0093,0.0538,0.9153,227.0,-1.5,0.0
828753,2026-09-11_08-37-26.753-240,v5.1.3,3.47,12.0,1600,-4750,-7320,29314,-9394,-7480,28827,-7826.35,-13039.05,47905.91,-7246.75,-11393.55,49025.52,0.00,0.00,0.00,579.60,1645.51,1119.61,2072.96,2072.96,0.986,0.130,0.540,-3.266,-0.516,0.438,6776,301.9,0,-0.3991,-0.0098,0.0543,0.9152,227.0,-1.5,0.0
828813,2026-09-11_08-37-26.814-240,v5.1.3,3.47,12.0,1600,-4691,-7358,29334,-9367,-7591,28719,-7728.26,-13103.70,47939.15,-7226.34,-11579.16,48847.38,0.00,0.00,0.00,501.92,1524.54,908.22,1844.18,1844.18,0.986,0.124,0.539,-3.344,-0.688,-0.422,6776,272.7,0,-0.3991,-0.0101,0.0548,0.9152,227.0,-1.4,0.0
828875,2026-09-11_08-37-27.876-240,v5.1.3,3.47,12.0,1600,-4664,-7361,29277,-9342,-7612,28779,-7683.57,-13107.15,47846.35,-7167.41,-11610.00,48937.51,0.00,0.00,0.00,516.16,1497.14,1091.16,1923.14,1923.14,0.990,0.126,0.537,-3.328,-0.734,0.500,6776,282.8,0,-0.3993,-0.0101,0.0551,0.9151,227.1,-1.5,0.0
828931,2026-09-11_08-37-27.931-240,v5.1.3,3.47,12.0,1600,-4688,-7357,29295,-9333,-7523,28799,-7723.32,-13100.71,47875.60,-7151.78,-11463.56,48964.95,0.00,0.00,0.00,571.54,1637.15,1089.35,2047.83,2047.83,0.987,0.117,0.536,-3.703,-0.422,0.031,6776,298.7,0,-0.3992,-0.0101,0.0549,0.9152,227.1,-1.5,0.0
828988,2026-09-11_08-37-27.988-240,v5.1.3,3.47,12.0,1600,-4647,-7323,29267,-9337,-7547,28788,-7655.97,-13044.38,47829.40,-7160.14,-11503.35,48948.97,0.00,0.00,0.00,495.83,1541.03,1119.57,1968.26,1968.26,0.985,0.115,0.533,-3.516,-0.438,0.281,6776,288.5,0,-0.3993,-0.0099,0.0546,0.9151,227.1,-1.5,0.0
829048,2026-09-11_08-37-27.048-240,v5.1.3,3.47,12.0,1600,-4681,-7451,29367,-9341,-7637,28772,-7710.47,-13258.65,47994.52,-7166.38,-11651.12,48926.61,0.00,0.00,0.00,544.09,1607.53,932.09,1936.23,1936.23,0.990,0.115,0.537,-4.234,-0.766,0.047,6787,284.4,0,-0.3990,-0.0097,0.0544,0.9153,227.0,-1.5,0.0
829123,2026-09-11_08-37-27.123-240,v5.1.3,3.47,12.0,1600,-4614,-7370,29359,-9282,-7541,28799,-7600.74,-13125.96,47980.09,-7066.84,-11491.69,48951.48,0.00,0.00,0.00,533.91,1634.26,971.39,1974.71,1974.71,0.989,0.128,0.540,-3.953,-0.266,0.125,6787,289.4,0,-0.3987,-0.0102,0.0548,0.9154,227.0,-1.4,0.0
829183,2026-09-11_08-37-27.185-240,v5.1.3,3.47,12.0,1600,-4659,-7351,29429,-9322,-7550,28805,-7675.41,-13096.20,48093.80,-7130.56,-11507.08,48972.27,0.00,0.00,0.00,544.85,1589.12,878.47,1895.75,1895.75,0.987,0.135,0.533,-3.688,-0.344,-0.312,6774,279.3,0,-0.3985,-0.0106,0.0557,0.9154,227.0,-1.4,0.0
829245,2026-09-11_08-37-27.246-240,v5.1.3,3.47,12.0,1600,-4621,-7340,29413,-9336,-7507,28870,-7612.71,-13078.22,48067.55,-7137.87,-11434.17,49079.47,0.00,0.00,0.00,474.84,1644.05,1011.92,1988.05,1988.05,0.986,0.128,0.536,-3.625,-0.297,0.328,6774,291.1,0,-0.3986,-0.0108,0.0558,0.9154,227.0,-1.4,0.0
829308,2026-09-11_08-37-27.308-240,v5.1.3,3.47,12.0,1600,-4738,-7356,29314,-9370,-7564,28753,-7806.02,-13098.74,47906.53,-7223.28,-11533.56,48902.15,0.00,0.00,0.00,582.74,1565.17,995.62,1944.38,1944.38,0.988,0.135,0.534,-3.344,-0.594,-0.578,6781,285.5,0,-0.3985,-0.0111,0.0568,0.9153,227.0,-1.4,0.0
829370,2026-09-11_08-37-27.371-240,v5.1.3,3.43,12.0,1600,-4714,-7346,29380,-9408,-7503,28775,-7766.45,-13085.08,48013.88,-7283.00,-11433.88,48946.34,0.00,0.00,0.00,483.45,1651.20,932.46,1956.95,1956.95,0.988,0.129,0.536,-3.562,0.062,0.156,6781,287.1,0,-0.3986,-0.0115,0.0568,0.9153,227.0,-1.4,0.0
829429,2026-09-11_08-37-27.430-240,v5.1.3,3.43,12.0,1600,-4683,-7353,29343,-9355,-7555,28762,-7715.09,-13095.93,47953.73,-7196.57,-11518.08,48912.30,0.00,0.00,0.00,518.53,1577.85,958.57,1917.64,1917.64,0.989,0.123,0.538,-3.531,-0.656,0.172,6781,282.1,0,-0.3986,-0.0114,0.0566,0.9153,227.0,-1.4,0.0
829486,2026-09-11_08-37-27.487-240,v5.1.3,3.43,12.0,1600,-4662,-7378,29210,-9330,-7510,28783,-7680.05,-13132.85,47737.49,-7151.96,-11443.02,48938.09,0.00,0.00,0.00,528.08,1689.83,1200.61,2139.12,2139.12,0.986,0.112,0.539,-4.312,-0.859,0.000,6781,310.3,0,-0.3984,-0.0111,0.0558,0.9155,227.0,-1.4,0.0
829544,2026-09-11_08-37-27.544-240,v5.1.3,3.43,12.0,1600,-4711,-7353,29180,-9384,-7488,28624,-7761.43,-13089.51,47688.18,-7286.16,-11415.93,48696.74,0.00,0.00,0.00,475.27,1673.58,1008.56,2010.95,2010.95,0.984,0.122,0.540,-3.781,-0.797,0.266,6781,294.0,0,-0.3984,-0.0111,0.0556,0.9155,227.0,-1.4,0.0
829603,2026-09-11_08-37-27.603-240,v5.1.3,3.43,12.0,1600,-4661,-7357,29296,-9303,-7537,28789,-7678.66,-13101.28,47877.23,-7104.40,-11486.15,48941.04,0.00,0.00,0.00,574.26,1615.13,1063.81,2017.45,2017.45,0.986,0.130,0.534,-3.875,-0.953,-0.016,6776,294.8,0,-0.3982,-0.0109,0.0560,0.9155,226.9,-1.4,0.0
829663,2026-09-11_08-37-27.664-240,v5.1.3,3.43,12.0,1600,-4668,-7462,29361,-9360,-7681,28771,-7688.82,-13276.86,47984.93,-7195.60,-11723.45,48931.30,0.00,0.00,0.00,493.22,1553.40,946.37,1884.66,1884.66,0.984,0.117,0.536,-4.062,-0.656,0.484,6776,277.9,0,-0.3982,-0.0106,0.0554,0.9156,226.9,-1.4,0.0
829723,2026-09-11_08-37-27.723-240,v5.1.3,3.43,12.0,1600,-4681,-7341,29233,-9300,-7520,28737,-7711.96,-13072.20,47774.32,-7114.79,-11460.78,48856.23,0.00,0.00,0.00,597.17,1611.42,1081.90,2030.72,2030.72,0.988,0.121,0.536,-3.703,-0.750,-0.188,6776,296.5,0,-0.3981,-0.0105,0.0554,0.9156,226.9,-1.4,0.0
829784,2026-09-11_08-37-27.785-240,v5.1.3,3.43,12.0,1600,-4669,-7349,29345,-9429,-7518,28733,-7691.99,-13089.67,47956.92,-7328.44,-11460.86,48884.96,0.00,0.00,0.00,363.56,1628.81,928.04,1909.57,1909.57,0.990,0.108,0.540,-3.562,-0.828,1.047,6775,281.0,0,-0.3984,-0.0099,0.0543,0.9156,227.0,-1.4,0.0
829847,2026-09-11_08-37-27.848-240,v5.1.3,3.43,12.0,1600,-4721,-7369,29251,-9391,-7554,28636,-7777.74,-13118.28,47804.12,-7290.85,-11523.27,48719.60,0.00,0.00,0.00,486.89,1595.01,915.47,1902.42,1902.42,0.987,0.110,0.537,-3.672,-0.766,0.125,6775,280.1,0,-0.3984,-0.0096,0.0537,0.9156,227.0,-1.4,0.0
829925,2026-09-11_08-37-28.926-240,v5.1.3,3.43,12.0,1600,-4625,-7364,29359,-9308,-7562,28789,-7619.02,-13115.83,47979.99,-7111.31,-11527.08,48943.04,0.00,0.00,0.00,507.71,1588.75,963.05,1925.96,1925.96,0.987,0.116,0.535,-4.172,-0.797,0.766,6780,283.1,0,-0.3983,-0.0091,0.0532,0.9157,226.9,-1.5,0.0
829988,2026-09-11_08-37-28.988-240,v5.1.3,3.43,12.0,1600,-4775,-7276,29401,-9455,-7469,28676,-7868.27,-12969.03,48046.88,-7389.67,-11384.20,48799.21,0.00,0.00,0.00,478.61,1584.83,752.33,1818.44,1818.44,0.987,0.124,0.534,-3.250,-0.531,-0.297,6780,269.4,0,-0.3984,-0.0093,0.0538,0.9156,227.0,-1.5,0.0
830046,2026-09-11_08-37-28.047-240,v5.1.3,3.43,12.0,1600,-4666,-7373,29261,-9360,-7558,28804,-7686.72,-13126.34,47820.49,-7192.99,-11521.12,48981.24,0.00,0.00,0.00,493.73,1605.22,1160.75,2041.53,2041.53,0.987,0.109,0.539,-2.969,-0.703,-0.953,6780,297.9,0,-0.3984,-0.0094,0.0539,0.9156,227.0,-1.5,0.0
830103,2026-09-11_08-37-28.104-240,v5.1.3,3.43,12.0,1600,-4673,-7383,29302,-9350,-7539,28738,-7698.16,-13144.19,47887.45,-7195.84,-11492.97,48871.96,0.00,0.00,0.00,502.32,1651.22,984.51,1986.98,1986.98,0.989,0.107,0.537,-3.750,-0.172,-0.234,6780,290.9,0,-0.3983,-0.0094,0.0533,0.9156,226.9,-1.4,0.0
830160,2026-09-11_08-37-28.160-240,v5.1.3,3.43,12.0,1600,-4720,-7355,29415,-9366,-7529,28716,-7776.25,-13101.08,48071.05,-7228.82,-11478.08,48840.71,0.00,0.00,0.00,547.42,1623.00,769.66,1877.81,1877.81,0.986,0.114,0.540,-4.000,-0.922,-0.109,6780,277.0,0,-0.3981,-0.0094,0.0531,0.9157,226.9,-1.4,0.0
830218,2026-09-11_08-37-28.218-240,v5.1.3,3.43,12.0,1600,-4677,-7350,29302,-9317,-7519,28804,-7705.22,-13089.62,47886.88,-7124.25,-11456.40,48968.52,0.00,0.00,0.00,580.96,1633.22,1081.64,2043.24,2043.24,0.987,0.116,0.539,-3.906,-0.641,0.078,6788,298.1,0,-0.3980,-0.0094,0.0530,0.9158,226.9,-1.4,0.0
830278,2026-09-11_08-37-28.280-240,v5.1.3,3.43,12.0,1600,-4696,-7470,29353,-9361,-7662,28793,-7735.02,-13289.22,47972.03,-7192.16,-11691.43,48966.45,0.00,0.00,0.00,542.87,1597.79,994.42,1958.70,1958.70,0.988,0.116,0.537,-2.922,-0.656,-0.188,6788,287.3,0,-0.3982,-0.0094,0.0533,0.9157,226.9,-1.4,0.0
830343,2026-09-11_08-37-28.343-240,v5.1.3,3.43,12.0,1600,-4663,-7348,29288,-9327,-7565,28698,-7682.09,-13086.09,47864.04,-7167.68,-11536.73,48802.05,0.00,0.00,0.00,514.41,1549.36,938.01,1882.82,1882.82,0.987,0.108,0.541,-3.016,-1.016,0.406,6775,277.6,0,-0.3986,-0.0091,0.0528,0.9156,227.0,-1.5,0.0
830404,2026-09-11_08-37-28.405-240,v5.1.3,3.43,12.0,1600,-4565,-7332,29444,-9285,-7570,28728,-7520.20,-13067.25,48117.93,-7089.93,-11542.45,48838.93,0.00,0.00,0.00,430.27,1524.79,721.00,1740.68,1740.68,0.987,0.111,0.536,-3.828,-0.625,0.281,6775,259.5,0,-0.3986,-0.0089,0.0525,0.9156,227.0,-1.5,0.0
830463,2026-09-11_08-37-28.463-240,v5.1.3,3.43,12.0,1600,-4688,-7365,29274,-9374,-7508,28705,-7723.21,-13113.16,47841.53,-7246.16,-11444.51,48824.70,0.00,0.00,0.00,477.05,1668.65,983.17,1994.64,1994.64,0.988,0.122,0.535,-3.562,-1.141,-0.188,6781,291.9,0,-0.3985,-0.0087,0.0531,0.9156,227.0,-1.5,0.0
830524,2026-09-11_08-37-28.525-240,v5.1.3,3.43,12.0,1600,-4688,-7327,29436,-9366,-7563,28816,-7723.69,-13056.24,48104.79,-7199.27,-11528.86,49002.29,0.00,0.00,0.00,524.42,1527.38,897.50,1847.54,1847.54,0.986,0.124,0.536,-3.703,-0.359,0.141,6781,273.1,0,-0.3985,-0.0090,0.0534,0.9156,227.0,-1.5,0.0
830583,2026-09-11_08-37-28.584-240,v5.1.3,3.43,12.0,1600,-4692,-7460,29440,-9339,-7693,28833,-7728.53,-13275.91,48113.59,-7143.18,-11739.61,49025.51,0.00,0.00,0.00,585.34,1536.31,911.92,1880.02,1880.02,0.984,0.123,0.536,-3.656,-0.500,-0.453,6781,277.3,0,-0.3983,-0.0093,0.0538,0.9156,226.9,-1.5,0.0
830639,2026-09-11_08-37-28.640-240,v5.1.3,3.43,12.0,1600,-4662,-7361,29284,-9314,-7543,28778,-7680.26,-13107.44,47857.75,-7125.25,-11496.73,48926.52,0.00,0.00,0.00,555.01,1610.71,1068.77,2011.14,2011.14,0.988,0.110,0.538,-3.031,-0.375,0.297,6780,294.0,0,-0.3986,-0.0093,0.0534,0.9155,227.0,-1.5,0.0
830696,2026-09-11_08-37-28.697-240,v5.1.3,3.43,12.0,1600,-4711,-7306,29370,-9347,-7475,28739,-7762.03,-13018.73,47996.91,-7194.03,-11388.38,48871.14,0.00,0.00,0.00,568.00,1630.35,874.23,1935.19,1935.19,0.986,0.122,0.536,-4.344,-1.000,1.500,6780,284.3,0,-0.3987,-0.0089,0.0529,0.9155,227.0,-1.5,0.0
830767,2026-09-11_08-37-28.768-240,v5.1.3,3.43,12.0,1600,-4639,-7353,29235,-9286,-7524,28669,-7642.34,-13092.93,47777.79,-7110.39,-11470.17,48743.22,0.00,0.00,0.00,531.95,1622.76,965.43,1961.73,1961.73,0.987,0.122,0.540,-4.141,-0.422,0.188,6783,287.7,0,-0.3984,-0.0092,0.0529,0.9156,227.0,-1.4,0.0
830828,2026-09-11_08-37-28.828-240,v5.1.3,3.43,12.0,1600,-4666,-7348,29340,-9323,-7528,28729,-7687.04,-13087.90,47948.76,-7154.46,-11474.78,48849.85,0.00,0.00,0.00,532.58,1613.13,901.09,1922.96,1922.96,0.986,0.121,0.540,-4.547,-0.359,0.953,6783,282.8,0,-0.3982,-0.0093,0.0525,0.9157,226.9,-1.4,0.0
830888,2026-09-11_08-37-29.888-240,v5.1.3,3.43,12.0,1600,-4661,-7421,29410,-9333,-7578,28798,-7677.78,-13211.06,48064.05,-7149.13,-11553.39,48964.73,0.00,0.00,0.00,528.66,1657.67,900.68,1959.23,1959.23,0.987,0.128,0.534,-4.172,-0.328,0.203,6783,287.4,0,-0.3980,-0.0095,0.0529,0.9158,226.9,-1.4,0.0
830948,2026-09-11_08-37-29.948-240,v5.1.3,3.43,12.0,1600,-4650,-7336,29286,-9321,-7541,28763,-7660.75,-13066.47,47860.58,-7141.04,-11494.35,48904.27,0.00,0.00,0.00,519.71,1572.12,1043.69,1957.28,1957.28,0.988,0.122,0.538,-3.359,-0.828,0.016,6782,287.1,0,-0.3981,-0.0095,0.0533,0.9157,226.9,-1.4,0.0
831008,2026-09-11_08-37-29.010-240,v5.1.3,3.43,12.0,1600,-4719,-7359,29382,-9427,-7573,28781,-7774.55,-13106.51,48017.36,-7308.90,-11548.33,48962.94,0.00,0.00,0.00,465.64,1558.18,945.57,1881.19,1881.19,0.988,0.118,0.538,-4.172,-1.141,0.422,6782,277.4,0,-0.3979,-0.0091,0.0531,0.9158,226.9,-1.5,0.0
831074,2026-09-11_08-37-29.074-240,v5.1.3,3.43,12.0,1600,-4655,-7338,29281,-9382,-7574,28715,-7668.99,-13069.49,47852.47,-7253.05,-11551.97,48844.61,0.00,0.00,0.00,415.94,1517.52,992.14,1860.17,1860.17,0.987,0.120,0.536,-3.891,-0.578,0.500,6792,274.7,0,-0.3979,-0.0091,0.0530,0.9158,226.9,-1.5,0.0
831133,2026-09-11_08-37-29.133-240,v5.1.3,3.43,12.0,1600,-4696,-7340,29376,-9348,-7522,28804,-7736.76,-13075.39,48007.27,-7175.14,-11462.06,48977.05,0.00,0.00,0.00,561.62,1613.33,969.79,1964.36,1964.36,0.987,0.131,0.536,-3.734,-1.016,0.781,6792,288.0,0,-0.3980,-0.0090,0.0534,0.9158,226.9,-1.5,0.0
831191,2026-09-11_08-37-29.192-240,v5.1.3,3.43,12.0,1600,-4671,-7379,29458,-9312,-7560,28871,-7694.88,-13143.23,48141.52,-7095.25,-11520.05,49075.87,0.00,0.00,0.00,599.62,1623.18,934.34,1966.54,1966.54,0.988,0.131,0.537,-3.859,-0.594,0.266,6783,288.3,0,-0.3979,-0.0092,0.0539,0.9158,226.9,-1.5,0.0
831247,2026-09-11_08-37-29.248-240,v5.1.3,3.43,12.0,1600,-4681,-7366,29433,-9355,-7533,28816,-7711.59,-13120.67,48100.57,-7182.76,-11479.62,48998.53,0.00,0.00,0.00,528.84,1641.05,897.96,1943.97,1943.97,0.983,0.118,0.537,-3.844,-0.547,0.391,6783,285.4,0,-0.3979,-0.0093,0.0536,0.9158,226.9,-1.5,0.0
831304,2026-09-11_08-37-29.304-240,v5.1.3,3.43,12.0,1600,-4678,-7341,29244,-9333,-7489,28651,-7707.00,-13072.65,47792.24,-7194.64,-11415.04,48726.24,0.00,0.00,0.00,512.36,1657.62,934.00,1970.42,1970.42,0.987,0.104,0.536,-3.875,-0.672,0.188,6783,288.8,0,-0.3979,-0.0090,0.0528,0.9159,226.9,-1.5,0.0
831363,2026-09-11_08-37-29.363-240,v5.1.3,3.43,12.0,1600,-4662,-7369,29411,-9337,-7528,28802,-7680.13,-13125.21,48064.79,-7157.26,-11471.68,48970.99,0.00,0.00,0.00,522.87,1653.53,906.21,1956.73,1956.73,0.988,0.121,0.536,-4.172,-0.234,0.969,6783,287.1,0,-0.3979,-0.0090,0.0525,0.9159,226.9,-1.5,0.0
831423,2026-09-11_08-37-29.423-240,v5.1.3,3.43,12.0,1600,-4705,-7375,29364,-9421,-7498,28811,-7751.18,-13132.57,47988.32,-7294.69,-11424.34,49007.62,0.00,0.00,0.00,456.49,1708.22,1019.31,2040.93,2040.93,0.989,0.115,0.537,-3.781,-0.203,-0.078,6783,297.8,0,-0.3978,-0.0092,0.0525,0.9159,226.9,-1.4,0.0
831488,2026-09-11_08-37-29.490-240,v5.1.3,3.43,12.0,1600,-4637,-7360,29384,-9318,-7550,28765,-7638.91,-13109.88,48020.65,-7135.07,-11508.87,48906.89,0.00,0.00,0.00,503.84,1601.01,886.24,1898.03,1898.03,0.988,0.109,0.539,-3.328,-0.469,1.422,6772,279.6,0,-0.3983,-0.0088,0.0516,0.9157,226.9,-1.4,0.0
831550,2026-09-11_08-37-29.551-240,v5.1.3,3.43,12.0,1600,-4621,-7317,29288,-9303,-7499,28768,-7613.04,-13035.75,47863.52,-7112.25,-11425.11,48906.34,0.00,0.00,0.00,500.79,1610.64,1042.82,1983.04,1983.04,0.990,0.117,0.535,-4.234,-0.219,0.000,6772,290.4,0,-0.3981,-0.0089,0.0517,0.9159,226.9,-1.4,0.0
831632,2026-09-11_08-37-29.633-240,v5.1.3,3.43,12.0,1600,-4666,-7346,29279,-9376,-7553,28719,-7687.08,-13082.41,47849.35,-7243.18,-11517.36,48848.88,0.00,0.00,0.00,443.90,1565.05,999.53,1909.32,1909.32,0.986,0.122,0.536,-3.906,-0.188,0.500,6786,281.0,0,-0.3980,-0.0092,0.0519,0.9159,226.9,-1.4,0.0
831694,2026-09-11_08-37-29.695-240,v5.1.3,3.43,12.0,1600,-4695,-7348,29282,-9347,-7543,28711,-7735.02,-13085.24,47854.27,-7198.18,-11500.70,48827.85,0.00,0.00,0.00,536.84,1584.54,973.58,1935.67,1935.67,0.986,0.133,0.539,-3.391,-0.312,0.266,6786,284.4,0,-0.3982,-0.0097,0.0527,0.9157,226.9,-1.4,0.0
831758,2026-09-11_08-37-29.758-240,v5.1.3,3.43,12.0,1600,-4672,-7339,29343,-9389,-7483,28788,-7697.09,-13073.03,47953.49,-7249.17,-11400.16,48961.55,0.00,0.00,0.00,447.92,1672.87,1008.06,2003.83,2003.83,0.987,0.120,0.535,-4.000,-0.625,-0.156,6783,293.1,0,-0.3979,-0.0097,0.0530,0.9158,226.9,-1.4,0.0
831818,2026-09-11_08-37-29.818-240,v5.1.3,3.43,12.0,1600,-4664,-7266,29371,-9380,-7521,28765,-7684.83,-12953.66,47997.85,-7238.71,-11463.05,48923.09,0.00,0.00,0.00,446.12,1490.61,925.23,1810.25,1810.25,0.986,0.118,0.536,-3.359,-0.812,-0.266,6783,268.4,0,-0.3980,-0.0096,0.0533,0.9158,226.9,-1.4,0.0
831879,2026-09-11_08-37-30.880-240,v5.1.3,3.43,12.0,1600,-4648,-7355,29308,-9388,-7560,28762,-7657.18,-13098.67,47896.75,-7250.64,-11527.05,48921.43,0.00,0.00,0.00,406.54,1571.62,1024.68,1919.70,1919.70,0.988,0.114,0.539,-4.047,-0.438,-0.125,6783,282.3,0,-0.3978,-0.0097,0.0530,0.9159,226.9,-1.4,0.0
831937,2026-09-11_08-37-30.938-240,v5.1.3,3.43,12.0,1600,-4558,-7355,29298,-9297,-7533,28730,-7508.34,-13100.12,47880.47,-7111.10,-11482.25,48844.48,0.00,0.00,0.00,397.23,1617.86,964.02,1924.73,1924.73,0.985,0.103,0.535,-3.703,-0.828,0.656,6786,283.0,0,-0.3979,-0.0090,0.0523,0.9159,226.9,-1.4,0.0
831993,2026-09-11_08-37-30.994-240,v5.1.3,3.43,12.0,1600,-4730,-7345,29286,-9369,-7526,28727,-7792.94,-13079.73,47860.73,-7230.87,-11472.73,48859.14,0.00,0.00,0.00,562.07,1606.99,998.41,1973.62,1973.62,0.987,0.115,0.539,-4.016,-0.703,-0.281,6786,289.2,0,-0.3977,-0.0091,0.0524,0.9160,226.9,-1.4,0.0
832056,2026-09-11_08-37-30.057-240,v5.1.3,3.43,12.0,1600,-4635,-7350,29294,-9304,-7507,28787,-7635.75,-13090.17,47873.86,-7108.20,-11437.30,48937.35,0.00,0.00,0.00,527.55,1652.88,1063.49,2035.02,2035.02,0.987,0.127,0.537,-4.391,-0.391,0.984,6772,297.0,0,-0.3976,-0.0091,0.0524,0.9160,226.9,-1.4,0.0
832118,2026-09-11_08-37-30.118-240,v5.1.3,3.43,12.0,1600,-4666,-7397,29367,-9338,-7556,28817,-7686.38,-13169.78,47993.59,-7153.26,-11516.70,48996.08,0.00,0.00,0.00,533.12,1653.08,1002.49,2005.46,2005.46,0.987,0.122,0.535,-3.500,-1.156,-0.016,6772,293.3,0,-0.3976,-0.0089,0.0531,0.9160,226.8,-1.5,0.0
832178,2026-09-11_08-37-30.180-240,v5.1.3,3.43,12.0,1600,-4722,-7390,29361,-9362,-7548,28776,-7779.10,-13156.89,47983.68,-7204.58,-11506.17,48936.54,0.00,0.00,0.00,574.51,1650.72,952.85,1990.70,1990.70,0.985,0.120,0.537,-3.562,-0.750,0.359,6772,291.4,0,-0.3977,-0.0090,0.0531,0.9159,226.9,-1.5,0.0
832243,2026-09-11_08-37-30.243-240,v5.1.3,3.43,12.0,1600,-4726,-7381,29285,-9434,-7588,28734,-7785.85,-13139.21,47859.71,-7332.67,-11575.20,48889.69,0.00,0.00,0.00,453.18,1564.01,1029.97,1926.74,1926.74,0.988,0.117,0.537,-4.250,-1.094,-0.078,6776,283.2,0,-0.3974,-0.0087,0.0532,0.9161,226.8,-1.5,0.0
832303,2026-09-11_08-37-30.305-240,v5.1.3,3.43,12.0,1600,-4613,-7340,29360,-9343,-7525,28745,-7599.49,-13076.47,47981.21,-7183.12,-11469.62,48880.95,0.00,0.00,0.00,416.37,1606.86,899.74,1888.09,1888.09,0.986,0.108,0.541,-3.281,-0.641,0.203,6776,278.3,0,-0.3976,-0.0088,0.0527,0.9160,226.8,-1.5,0.0
832365,2026-09-11_08-37-30.366-240,v5.1.3,3.43,12.0,1600,-4718,-7350,29259,-9379,-7556,28786,-7773.03,-13087.25,47816.83,-7229.38,-11519.17,48957.45,0.00,0.00,0.00,543.66,1568.08,1140.62,2013.82,2013.82,0.989,0.120,0.537,-4.516,-0.516,0.188,6785,294.3,0,-0.3973,-0.0088,0.0526,0.9162,226.8,-1.5,0.0
832444,2026-09-11_08-37-30.445-240,v5.1.3,3.43,12.0,1600,-4681,-7362,29313,-9399,-7550,28662,-7711.67,-13109.75,47905.01,-7297.03,-11515.71,48763.47,0.00,0.00,0.00,414.64,1594.04,858.46,1857.38,1857.38,0.984,0.120,0.536,-4.203,-0.641,0.328,6785,274.4,0,-0.3970,-0.0088,0.0527,0.9162,226.8,-1.5,0.0
832504,2026-09-11_08-37-30.505-240,v5.1.3,3.43,12.0,1600,-4726,-7338,29264,-9391,-7515,28677,-7786.42,-13067.46,47824.77,-7281.55,-11457.67,48784.51,0.00,0.00,0.00,504.87,1609.78,959.74,1940.98,1940.98,0.988,0.120,0.536,-3.922,-0.547,0.297,6778,285.0,0,-0.3970,-0.0089,0.0527,0.9163,226.8,-1.5,0.0
832565,2026-09-11_08-37-30.566-240,v5.1.3,3.43,12.0,1600,-4669,-7332,29266,-9377,-7484,28691,-7692.23,-13058.76,47827.93,-7256.26,-11406.07,48802.41,0.00,0.00,0.00,435.97,1652.70,974.48,1967.51,1967.51,0.986,0.116,0.534,-3.594,-0.891,0.422,6778,288.4,0,-0.3971,-0.0086,0.0528,0.9162,226.8,-1.5,0.0
832625,2026-09-11_08-37-30.626-240,v5.1.3,3.43,12.0,1600,-4669,-7402,29351,-9353,-7561,28814,-7691.28,-13177.40,47967.61,-7178.53,-11525.37,48995.48,0.00,0.00,0.00,512.75,1652.03,1027.87,2012.12,2012.12,0.985,0.126,0.537,-4.109,-0.812,0.578,6786,294.1,0,-0.3970,-0.0087,0.0530,0.9162,226.8,-1.5,0.0
832681,2026-09-11_08-37-30.682-240,v5.1.3,3.43,12.0,1600,-4688,-7361,29346,-9374,-7513,28789,-7723.25,-13109.14,47958.75,-7222.60,-11448.71,48959.82,0.00,0.00,0.00,500.66,1660.43,1001.06,2002.45,2002.45,0.990,0.123,0.534,-3.828,-0.891,-0.141,6786,292.9,0,-0.3969,-0.0087,0.0535,0.9162,226.8,-1.5,0.0
832740,2026-09-11_08-37-30.740-240,v5.1.3,3.43,12.0,1600,-4660,-7315,29300,-9343,-7516,28746,-7677.57,-13032.10,47883.03,-7183.32,-11454.88,48882.33,0.00,0.00,0.00,494.25,1577.22,999.30,1931.45,1931.45,0.986,0.110,0.537,-3.766,-0.172,-0.281,6786,283.8,0,-0.3969,-0.0089,0.0531,0.9163,226.8,-1.5,0.0
832798,2026-09-11_08-37-30.798-240,v5.1.3,3.43,12.0,1600,-4685,-7366,29303,-9343,-7542,28738,-7718.23,-13115.92,47888.79,-7184.15,-11497.70,48870.12,0.00,0.00,0.00,534.08,1618.22,981.34,1966.44,1966.44,0.989,0.109,0.534,-3.766,-0.484,0.016,6786,288.3,0,-0.3968,-0.0087,0.0528,0.9163,226.8,-1.5,0.0
832858,2026-09-11_08-37-30.859-240,v5.1.3,3.43,12.0,1600,-4616,-7394,29247,-9377,-7520,28821,-7603.75,-13161.52,47798.05,-7218.29,-11458.71,49012.24,0.00,0.00,0.00,385.46,1702.81,1214.20,2126.60,2126.60,0.984,0.121,0.539,-3.719,-0.484,-0.812,6786,308.7,0,-0.3966,-0.0092,0.0534,0.9164,226.7,-1.5,0.0
832916,2026-09-11_08-37-31.918-240,v5.1.3,3.43,12.0,1600,-4657,-7328,29311,-9314,-7477,28790,-7672.43,-13054.02,47901.17,-7125.43,-11388.43,48944.14,0.00,0.00,0.00,547.00,1665.59,1042.97,2039.90,2039.90,0.986,0.118,0.538,-3.453,-0.719,0.078,6776,297.7,0,-0.3967,-0.0094,0.0535,0.9164,226.7,-1.4,0.0
832979,2026-09-11_08-37-31.980-240,v5.1.3,3.43,12.0,1600,-4686,-7353,29326,-9405,-7604,28747,-7720.06,-13095.26,47926.03,-7280.46,-11600.00,48903.07,0.00,0.00,0.00,439.60,1495.26,977.04,1839.47,1839.47,0.987,0.126,0.537,-3.922,-0.688,-0.375,6776,272.1,0,-0.3965,-0.0096,0.0540,0.9164,226.7,-1.4,0.0
833038,2026-09-11_08-37-31.038-240,v5.1.3,3.43,12.0,1600,-4682,-7405,29474,-9375,-7574,28805,-7712.72,-13186.52,48168.04,-7216.56,-11547.56,48987.34,0.00,0.00,0.00,496.16,1638.96,819.30,1898.32,1898.32,0.988,0.127,0.538,-3.719,-0.469,0.453,6776,279.6,0,-0.3965,-0.0098,0.0542,0.9164,226.7,-1.4,0.0
833097,2026-09-11_08-37-31.099-240,v5.1.3,3.43,12.0,1600,-4672,-7366,29340,-9377,-7522,28762,-7696.73,-13117.51,47949.07,-7234.55,-11464.75,48917.47,0.00,0.00,0.00,462.18,1652.75,968.41,1970.54,1970.54,0.987,0.122,0.537,-3.891,-0.547,0.016,6781,288.8,0,-0.3965,-0.0100,0.0542,0.9164,226.7,-1.4,0.0
833155,2026-09-11_08-37-31.156-240,v5.1.3,3.43,12.0,1600,-4746,-7360,29274,-9385,-7498,28744,-7819.21,-13103.74,47841.43,-7253.99,-11426.62,48890.12,0.00,0.00,0.00,565.21,1677.12,1048.69,2057.17,2057.17,0.990,0.125,0.532,-4.141,-0.719,-0.375,6781,299.9,0,-0.3962,-0.0098,0.0547,0.9165,226.7,-1.5,0.0
833212,2026-09-11_08-37-31.213-240,v5.1.3,3.43,12.0,1600,-4722,-7365,29252,-9370,-7512,28701,-7779.45,-13111.69,47805.68,-7240.47,-11451.13,48817.28,0.00,0.00,0.00,538.98,1660.56,1011.59,2017.74,2017.74,0.986,0.109,0.534,-3.297,-0.594,0.094,6779,294.8,0,-0.3965,-0.0096,0.0542,0.9164,226.7,-1.5,0.0
833283,2026-09-11_08-37-31.284-240,v5.1.3,3.43,12.0,1600,-4606,-7366,29300,-9258,-7524,28723,-7587.57,-13117.39,47883.91,-7049.30,-11466.94,48822.37,0.00,0.00,0.00,538.27,1650.45,938.46,1973.43,1973.43,0.988,0.112,0.542,-3.656,-0.547,-0.188,6779,289.2,0,-0.3964,-0.0098,0.0538,0.9164,226.7,-1.4,0.0
833343,2026-09-11_08-37-31.343-240,v5.1.3,3.43,12.0,1600,-4708,-7357,29352,-9343,-7514,28892,-7756.38,-13102.36,47968.46,-7142.92,-11444.73,49116.92,0.00,0.00,0.00,613.46,1657.62,1148.46,2107.85,2107.85,0.988,0.115,0.537,-3.359,-1.047,-0.109,6785,306.3,0,-0.3966,-0.0095,0.0538,0.9164,226.7,-1.4,0.0
833403,2026-09-11_08-37-31.403-240,v5.1.3,3.43,12.0,1600,-4680,-7383,29299,-9331,-7544,28699,-7709.74,-13143.94,47882.57,-7175.10,-11502.50,48804.22,0.00,0.00,0.00,534.63,1641.44,921.65,1956.93,1956.93,0.989,0.108,0.535,-3.688,-0.234,0.375,6785,287.1,0,-0.3967,-0.0093,0.0531,0.9164,226.7,-1.4,0.0
833464,2026-09-11_08-37-31.465-240,v5.1.3,3.43,12.0,1600,-4724,-7352,29321,-9394,-7529,28843,-7782.92,-13092.67,47917.87,-7239.70,-11472.78,49052.46,0.00,0.00,0.00,543.22,1619.89,1134.60,2050.96,2050.96,0.987,0.108,0.538,-4.078,-0.812,0.766,6785,299.1,0,-0.3968,-0.0089,0.0523,0.9164,226.7,-1.4,0.0
833525,2026-09-11_08-37-31.526-240,v5.1.3,3.43,12.0,1600,-4678,-7346,29317,-9342,-7508,28670,-7706.92,-13083.53,47911.25,-7203.18,-11445.38,48759.71,0.00,0.00,0.00,503.74,1638.16,848.46,1912.38,1912.38,0.987,0.113,0.535,-4.047,-0.500,0.141,6783,281.4,0,-0.3967,-0.0088,0.0521,0.9164,226.7,-1.4,0.0
833588,2026-09-11_08-37-31.588-240,v5.1.3,3.43,12.0,1600,-4608,-7348,29431,-9280,-7581,28755,-7591.10,-13092.34,48097.02,-7073.62,-11559.01,48881.23,0.00,0.00,0.00,517.48,1533.33,784.21,1798.30,1798.30,0.988,0.125,0.538,-3.109,-0.766,-0.375,6783,266.8,0,-0.3968,-0.0091,0.0530,0.9163,226.7,-1.5,0.0
833648,2026-09-11_08-37-31.648-240,v5.1.3,3.43,12.0,1600,-4669,-7347,29431,-9389,-7572,28823,-7692.00,-13089.46,48096.99,-7234.73,-11543.79,49020.04,0.00,0.00,0.00,457.27,1545.68,923.05,1857.48,1857.48,0.988,0.122,0.539,-3.828,-0.578,0.609,6770,274.4,0,-0.3969,-0.0092,0.0530,0.9163,226.8,-1.4,0.0
833707,2026-09-11_08-37-31.708-240,v5.1.3,3.43,12.0,1600,-4674,-7363,29347,-9341,-7574,28769,-7700.07,-13112.76,47960.42,-7170.56,-11548.42,48920.20,0.00,0.00,0.00,529.51,1564.34,959.78,1910.17,1910.17,0.989,0.118,0.537,-4.156,-0.859,0.125,6770,281.1,0,-0.3967,-0.0091,0.0530,0.9164,226.7,-1.5,0.0
833767,2026-09-11_08-37-31.768-240,v5.1.3,3.43,12.0,1600,-4654,-7327,29357,-9359,-7493,28778,-7667.48,-13054.08,47976.09,-7202.01,-11416.22,48937.54,0.00,0.00,0.00,465.46,1637.87,961.45,1955.41,1955.41,0.985,0.114,0.541,-4.375,-0.453,0.312,6770,286.9,0,-0.3965,-0.0092,0.0525,0.9165,226.7,-1.4,0.0
833825,2026-09-11_08-37-31.826-240,v5.1.3,3.43,12.0,1600,-4703,-7360,29352,-9362,-7540,28825,-7748.07,-13107.41,47968.51,-7191.42,-11490.80,49015.08,0.00,0.00,0.00,556.66,1616.61,1046.57,2004.65,2004.65,0.985,0.136,0.539,-4.234,-0.672,0.375,6780,293.2,0,-0.3964,-0.0096,0.0531,0.9165,226.7,-1.4,0.0
833883,2026-09-11_08-37-32.883-240,v5.1.3,3.43,12.0,1600,-4621,-7340,29347,-9281,-7514,28753,-7612.72,-13075.85,47960.03,-7079.39,-11449.76,48876.60,0.00,0.00,0.00,533.34,1626.08,916.57,1941.31,1941.31,0.987,0.127,0.535,-4.234,-0.594,1.266,6780,285.1,0,-0.3964,-0.0094,0.0531,0.9165,226.7,-1.4,0.0
833943,2026-09-11_08-37-32.943-240,v5.1.3,3.43,12.0,1600,-4701,-7360,29295,-9342,-7559,28836,-7744.78,-13105.40,47875.65,-7154.42,-11520.80,49027.78,0.00,0.00,0.00,590.36,1584.60,1152.13,2046.19,2046.19,0.989,0.137,0.536,-3.812,-0.578,0.078,6775,298.5,0,-0.3964,-0.0097,0.0540,0.9164,226.7,-1.4,0.0
834003,2026-09-11_08-37-32.003-240,v5.1.3,3.43,12.0,1600,-4650,-7359,29376,-9319,-7503,28803,-7660.43,-13107.68,48007.60,-7128.68,-11430.38,48967.05,0.00,0.00,0.00,531.75,1677.30,959.46,2004.16,2004.16,0.986,0.136,0.538,-3.719,-1.016,1.250,6775,293.1,0,-0.3967,-0.0097,0.0543,0.9163,226.7,-1.5,0.0
834064,2026-09-11_08-37-32.065-240,v5.1.3,3.43,12.0,1600,-4656,-7415,29361,-9355,-7619,28828,-7669.60,-13199.49,47984.12,-7174.85,-11619.44,49019.98,0.00,0.00,0.00,494.75,1580.05,1035.86,1953.03,1953.03,0.985,0.104,0.538,-3.031,-0.359,-0.953,6770,286.6,0,-0.3968,-0.0099,0.0541,0.9163,226.8,-1.4,0.0
834143,2026-09-11_08-37-32.144-240,v5.1.3,3.43,12.0,1600,-4619,-7349,29312,-9297,-7486,28837,-7609.30,-13089.49,47903.17,-7083.92,-11400.49,49015.27,0.00,0.00,0.00,525.38,1689.00,1112.10,2089.38,2089.38,0.987,0.112,0.536,-4.797,-0.547,0.766,6770,304.0,0,-0.3965,-0.0093,0.0529,0.9165,226.7,-1.4,0.0
834203,2026-09-11_08-37-32.203-240,v5.1.3,3.43,12.0,1600,-4743,-7336,29239,-9402,-7506,28694,-7814.57,-13062.92,47784.00,-7295.43,-11442.45,48814.61,0.00,0.00,0.00,519.14,1620.46,1030.60,1989.36,1989.36,0.984,0.122,0.538,-2.766,-0.484,0.062,6770,291.2,0,-0.3969,-0.0097,0.0534,0.9163,226.8,-1.4,0.0
834266,2026-09-11_08-37-32.268-240,v5.1.3,3.43,12.0,1600,-4698,-7354,29393,-9365,-7557,28831,-7739.88,-13099.08,48035.20,-7193.79,-11518.34,49025.97,0.00,0.00,0.00,546.09,1580.74,990.77,1943.85,1943.85,0.987,0.112,0.535,-4.156,-0.766,0.406,6776,285.4,0,-0.3968,-0.0093,0.0529,0.9163,226.8,-1.4,0.0
834329,2026-09-11_08-37-32.330-240,v5.1.3,3.43,12.0,1600,-4666,-7356,29396,-9387,-7499,28714,-7686.93,-13103.13,48040.12,-7265.55,-11429.71,48842.48,0.00,0.00,0.00,421.37,1673.41,802.35,1903.06,1903.06,0.986,0.113,0.534,-3.891,-0.438,1.000,6776,280.2,0,-0.3970,-0.0090,0.0523,0.9163,226.8,-1.4,0.0
834389,2026-09-11_08-37-32.390-240,v5.1.3,3.43,12.0,1600,-4751,-7394,29320,-9440,-7591,28771,-7827.01,-13161.44,47916.96,-7332.13,-11578.50,48950.87,0.00,0.00,0.00,494.89,1582.94,1033.91,1954.37,1954.37,0.987,0.121,0.537,-3.234,-0.375,-0.016,6781,286.8,0,-0.3972,-0.0092,0.0527,0.9162,226.8,-1.4,0.0
834446,2026-09-11_08-37-32.447-240,v5.1.3,3.43,12.0,1600,-4715,-7378,29367,-9368,-7533,28778,-7767.68,-13137.43,47993.25,-7214.70,-11481.73,48941.01,0.00,0.00,0.00,552.97,1655.70,947.75,1986.29,1986.29,0.988,0.101,0.536,-3.188,-0.484,0.062,6781,290.8,0,-0.3975,-0.0090,0.0522,0.9161,226.8,-1.4,0.0
834503,2026-09-11_08-37-32.504-240,v5.1.3,3.43,12.0,1600,-4696,-7351,29286,-9305,-7518,28749,-7736.63,-13090.32,47860.83,-7119.80,-11457.07,48876.83,0.00,0.00,0.00,616.83,1633.25,1016.00,2019.95,2019.95,0.986,0.110,0.533,-4.031,-0.688,0.297,6775,295.1,0,-0.3974,-0.0086,0.0519,0.9161,226.8,-1.5,0.0
834563,2026-09-11_08-37-32.563-240,v5.1.3,3.43,12.0,1600,-4704,-7360,29293,-9389,-7542,28667,-7749.74,-13105.27,47872.39,-7279.60,-11502.17,48768.57,0.00,0.00,0.00,470.14,1603.10,896.18,1895.81,1895.81,0.986,0.117,0.537,-4.016,-0.672,-0.078,6775,279.3,0,-0.3972,-0.0087,0.0521,0.9162,226.8,-1.5,0.0
834623,2026-09-11_08-37-32.625-240,v5.1.3,3.43,12.0,1600,-4696,-7383,29340,-9393,-7510,28763,-7736.19,-13145.09,47949.36,-7261.26,-11445.51,48923.14,0.00,0.00,0.00,474.94,1699.59,973.79,2015.55,2015.55,0.990,0.102,0.539,-3.766,-0.453,-0.062,6775,294.6,0,-0.3972,-0.0085,0.0515,0.9162,226.8,-1.4,0.0
834688,2026-09-11_08-37-32.688-240,v5.1.3,3.43,12.0,1600,-4677,-7314,29341,-9361,-7506,28773,-7705.69,-13031.58,47949.80,-7206.00,-11437.72,48930.38,0.00,0.00,0.00,499.69,1593.86,980.58,1936.91,1936.91,0.987,0.108,0.539,-4.406,-0.203,-0.359,6778,284.5,0,-0.3968,-0.0087,0.0512,0.9164,226.8,-1.4,0.0
834749,2026-09-11_08-37-32.750-240,v5.1.3,3.43,12.0,1600,-4637,-7346,29274,-9387,-7548,28804,-7639.12,-13082.81,47841.21,-7237.98,-11505.46,48988.36,0.00,0.00,0.00,401.14,1577.35,1147.15,1991.21,1991.21,0.988,0.116,0.537,-4.219,-0.922,0.797,6778,291.5,0,-0.3967,-0.0084,0.0511,0.9165,226.7,-1.4,0.0
834813,2026-09-11_08-37-32.813-240,v5.1.3,3.43,12.0,1600,-4634,-7363,29341,-9336,-7564,28641,-7633.92,-13113.35,47950.65,-7198.36,-11538.01,48712.88,0.00,0.00,0.00,435.56,1575.34,762.23,1803.44,1803.44,0.987,0.135,0.538,-3.797,-0.891,0.453,6779,267.5,0,-0.3967,-0.0086,0.0521,0.9164,226.7,-1.5,0.0
834873,2026-09-11_08-37-33.875-240,v5.1.3,3.43,12.0,1600,-4722,-7367,29499,-9420,-7559,28813,-7779.38,-13123.87,48208.11,-7289.24,-11523.80,49012.10,0.00,0.00,0.00,490.14,1600.07,803.99,1856.58,1856.58,0.987,0.121,0.537,-3.734,-0.312,0.234,6779,274.3,0,-0.3968,-0.0089,0.0524,0.9164,226.7,-1.4,0.0
834958,2026-09-11_08-37-33.959-240,v5.1.3,3.43,12.0,1600,-4654,-7368,29262,-9337,-7543,28789,-7666.94,-13118.37,47822.03,-7160.07,-11496.78,48950.48,0.00,0.00,0.00,506.87,1621.59,1128.45,2039.57,2039.57,0.987,0.122,0.535,-3.297,-0.312,0.078,6780,297.6,0,-0.3970,-0.0092,0.0531,0.9162,226.8,-1.4,0.0
835018,2026-09-11_08-37-33.018-240,v5.1.3,3.43,12.0,1600,-4695,-7334,29261,-9367,-7488,28765,-7735.21,-13061.37,47819.81,-7219.06,-11408.86,48918.71,0.00,0.00,0.00,516.15,1652.50,1098.89,2050.55,2050.55,0.983,0.116,0.538,-3.516,-0.578,-0.125,6780,299.0,0,-0.3971,-0.0095,0.0531,0.9162,226.8,-1.4,0.0
835076,2026-09-11_08-37-33.077-240,v5.1.3,3.43,12.0,1600,-4696,-7354,29359,-9402,-7509,28828,-7736.58,-13097.89,47979.81,-7258.10,-11441.03,49030.04,0.00,0.00,0.00,478.48,1656.86,1050.23,2019.19,2019.19,0.984,0.107,0.540,-4.281,-0.625,0.422,6779,295.0,0,-0.3969,-0.0093,0.0523,0.9163,226.8,-1.4,0.0
835133,2026-09-11_08-37-33.134-240,v5.1.3,3.43,12.0,1600,-4710,-7386,29362,-9395,-7566,28755,-7759.30,-13150.56,47985.25,-7263.79,-11537.35,48912.24,0.00,0.00,0.00,495.51,1613.21,926.99,1925.44,1925.44,0.986,0.114,0.540,-3.484,-0.500,1.219,6779,283.1,0,-0.3973,-0.0092,0.0517,0.9162,226.8,-1.4,0.0
835189,2026-09-11_08-37-33.190-240,v5.1.3,3.43,12.0,1600,-4757,-7435,29402,-9416,-7626,28879,-7836.37,-13231.96,48051.25,-7260.79,-11629.96,49118.77,0.00,0.00,0.00,575.59,1602.01,1067.52,2009.31,2009.31,0.988,0.136,0.537,-3.859,-0.812,0.922,6779,293.8,0,-0.3974,-0.0093,0.0524,0.9161,226.8,-1.4,0.0
835248,2026-09-11_08-37-33.248-240,v5.1.3,3.43,12.0,1600,-4701,-7375,29366,-9350,-7518,28775,-7744.56,-13132.72,47991.58,-7186.69,-11456.95,48930.89,0.00,0.00,0.00,557.87,1675.77,939.32,2000.44,2000.44,0.986,0.127,0.539,-4.297,-0.578,0.156,6775,292.6,0,-0.3972,-0.0095,0.0527,0.9162,226.8,-1.4,0.0
835308,2026-09-11_08-37-33.308-240,v5.1.3,3.43,12.0,1600,-4772,-7362,29373,-9415,-7535,28669,-7862.16,-13110.08,48002.75,-7322.23,-11491.29,48778.71,0.00,0.00,0.00,539.93,1618.80,775.96,1874.61,1874.61,0.988,0.119,0.541,-3.797,-0.797,-0.906,6775,276.6,0,-0.3969,-0.0098,0.0532,0.9163,226.8,-1.4,0.0
835369,2026-09-11_08-37-33.369-240,v5.1.3,3.43,12.0,1600,-4668,-7345,29296,-9356,-7497,28763,-7690.40,-13081.33,47877.03,-7201.02,-11423.38,48912.72,0.00,0.00,0.00,489.38,1657.95,1035.69,2015.18,2015.18,0.986,0.108,0.541,-3.844,-0.688,-0.188,6775,294.5,0,-0.3968,-0.0098,0.0527,0.9163,226.8,-1.4,0.0
835428,2026-09-11_08-37-33.428-240,v5.1.3,3.43,12.0,1600,-4684,-7362,29281,-9362,-7538,28831,-7716.64,-13108.54,47852.88,-7189.86,-11487.25,49024.67,0.00,0.00,0.00,526.78,1621.29,1171.79,2068.62,2068.62,0.987,0.108,0.534,-4.000,-0.609,0.672,6775,301.3,0,-0.3969,-0.0093,0.0521,0.9163,226.8,-1.4,0.0
835488,2026-09-11_08-37-33.490-240,v5.1.3,3.43,12.0,1600,-4721,-7350,29382,-9426,-7571,28839,-7777.97,-13091.61,48017.21,-7291.27,-11542.31,49055.83,0.00,0.00,0.00,486.70,1549.31,1038.62,1927.68,1927.68,0.985,0.108,0.537,-3.938,-0.047,0.234,6775,283.4,0,-0.3969,-0.0094,0.0515,0.9164,226.8,-1.4,0.0
835550,2026-09-11_08-37-33.551-240,v5.1.3,3.43,12.0,1600,-4726,-7342,29255,-9387,-7507,28709,-7786.37,-13073.74,47810.18,-7266.51,-11443.01,48834.64,0.00,0.00,0.00,519.86,1630.73,1024.47,1994.76,1994.76,0.991,0.111,0.536,-4.172,-0.094,0.250,6772,291.9,0,-0.3968,-0.0092,0.0512,0.9164,226.8,-1.4,0.0
835609,2026-09-11_08-37-33.610-240,v5.1.3,3.43,12.0,1600,-4705,-7284,29221,-9360,-7471,28734,-7752.42,-12977.17,47753.79,-7217.03,-11382.40,48866.55,0.00,0.00,0.00,535.39,1594.76,1112.76,2016.96,2016.96,0.986,0.107,0.537,-3.312,-0.547,-0.016,6772,294.7,0,-0.3969,-0.0091,0.0511,0.9164,226.8,-1.4,0.0
835665,2026-09-11_08-37-33.667-240,v5.1.3,3.43,12.0,1600,-4735,-7376,29324,-9364,-7538,28805,-7800.79,-13132.18,47923.16,-7200.36,-11488.52,48983.43,0.00,0.00,0.00,600.43,1643.66,1060.27,2046.04,2046.04,0.987,0.110,0.535,-3.734,-0.812,0.219,6781,298.5,0,-0.3970,-0.0088,0.0511,0.9164,226.8,-1.4,0.0
835723,2026-09-11_08-37-33.723-240,v5.1.3,3.43,12.0,1600,-4767,-7342,29252,-9403,-7517,28734,-7854.18,-13072.81,47805.28,-7285.40,-11458.55,48879.44,0.00,0.00,0.00,568.79,1614.26,1074.16,2020.69,2020.69,0.988,0.130,0.539,-4.469,-0.422,0.109,6781,295.2,0,-0.3967,-0.0091,0.0517,0.9165,226.7,-1.4,0.0
835791,2026-09-11_08-37-33.792-240,v5.1.3,3.43,12.0,1600,-4689,-7353,29329,-9333,-7495,28808,-7725.02,-13095.30,47930.92,-7150.77,-11417.43,48978.71,0.00,0.00,0.00,574.25,1677.87,1047.79,2059.82,2059.82,0.985,0.109,0.540,-3.062,-0.578,0.688,6777,300.2,0,-0.3971,-0.0090,0.0513,0.9163,226.8,-1.4,0.0
835853,2026-09-11_08-37-33.853-240,v5.1.3,3.43,12.0,1600,-4708,-7343,29232,-9359,-7524,28749,-7756.59,-13074.92,47772.73,-7208.41,-11468.19,48891.71,0.00,0.00,0.00,548.19,1606.74,1118.99,2033.29,2033.29,0.988,0.103,0.536,-4.109,-0.453,0.047,6777,296.8,0,-0.3970,-0.0087,0.0508,0.9164,226.8,-1.4,0.0
835910,2026-09-11_08-37-34.911-240,v5.1.3,3.43,12.0,1600,-4701,-7428,29271,-9394,-7615,28650,-7743.87,-13216.82,47837.72,-7288.66,-11622.25,48744.45,0.00,0.00,0.00,455.21,1594.56,906.73,1889.98,1889.98,0.984,0.113,0.537,-4.359,-0.703,0.406,6777,278.5,0,-0.3968,-0.0085,0.0507,0.9165,226.7,-1.4,0.0
835970,2026-09-11_08-37-34.971-240,v5.1.3,3.43,12.0,1600,-4709,-7373,29350,-9367,-7552,28761,-7757.82,-13128.68,47965.48,-7216.76,-11513.52,48913.89,0.00,0.00,0.00,541.06,1615.16,948.41,1949.61,1949.61,0.988,0.123,0.534,-3.766,-0.500,0.938,6784,286.2,0,-0.3970,-0.0084,0.0510,0.9164,226.8,-1.4,0.0
836033,2026-09-11_08-37-34.033-240,v5.1.3,3.43,12.0,1600,-4732,-7309,29335,-9523,-7501,28775,-7796.72,-13022.01,47939.93,-7472.48,-11433.44,48977.68,0.00,0.00,0.00,324.24,1588.57,1037.75,1925.00,1925.00,0.983,0.135,0.541,-4.047,0.859,0.844,6784,283.0,0,-0.3970,-0.0097,0.0513,0.9163,226.8,-1.3,0.0
836093,2026-09-11_08-37-34.093-240,v5.1.3,3.43,12.0,1600,-4743,-7365,29274,-9435,-7485,28629,-7814.18,-13112.06,47841.52,-7368.92,-11412.04,48718.62,0.00,0.00,0.00,445.26,1700.02,877.10,1964.08,1964.08,0.980,0.131,0.567,-3.156,-0.625,0.297,6780,288.0,0,-0.3972,-0.0111,0.0516,0.9162,226.8,-1.2,0.0
836152,2026-09-11_08-37-34.154-240,v5.1.3,3.43,12.0,1600,-4716,-7350,29337,-9407,-7561,28782,-7769.71,-13090.10,47943.90,-7276.33,-11528.21,48958.79,0.00,0.00,0.00,493.38,1561.89,1014.89,1926.90,1926.90,0.984,0.130,0.544,-4.047,-0.891,-0.016,6780,283.3,0,-0.3970,-0.0113,0.0523,0.9162,226.8,-1.2,0.0
836210,2026-09-11_08-37-34.212-240,v5.1.3,3.43,12.0,1600,-4721,-7411,29356,-9360,-7580,28842,-7777.16,-13191.40,47975.90,-7181.28,-11555.24,49042.86,0.00,0.00,0.00,595.88,1636.16,1066.96,2042.18,2042.18,0.985,0.131,0.545,-3.344,-0.891,-0.641,6780,298.0,0,-0.3969,-0.0117,0.0535,0.9162,226.8,-1.2,0.0
836268,2026-09-11_08-37-34.268-240,v5.1.3,3.43,12.0,1600,-4740,-7358,29265,-9382,-7515,28759,-7809.31,-13100.24,47826.74,-7243.99,-11453.59,48913.84,0.00,0.00,0.00,565.33,1646.65,1087.10,2052.52,2052.52,0.986,0.116,0.540,-3.578,-0.891,-0.125,6776,299.3,0,-0.3969,-0.0115,0.0535,0.9162,226.8,-1.2,0.0
836328,2026-09-11_08-37-34.328-240,v5.1.3,3.43,12.0,1600,-4697,-7275,29245,-9362,-7439,28676,-7739.31,-12963.33,47792.73,-7238.12,-11332.95,48773.07,0.00,0.00,0.00,501.19,1630.38,980.34,1967.33,1967.33,0.986,0.109,0.539,-3.781,-0.656,0.812,6776,288.4,0,-0.3971,-0.0110,0.0527,0.9162,226.8,-1.2,0.0
