time_ms,timestamp,version,voltage,audio_gain,cc,refX_raw,refY_raw,refZ_raw,tipX_raw,tipY_raw,tipZ_raw,refX_cal,refY_cal,refZ_cal,tipX_cal,tipY_cal,tipZ_cal,calOffsetX,calOffsetY,calOffsetZ,gradX,gradY,gradZ,mag,nT,accX,accY,accZ,gyrX,gyrY,gyrZ,freq,is_muted,QW,QX,QY,QZ,Azimuth,Elevation,Declination
178106,2026-08-30_09-12-02.108-240,v3.6.25,3.48,12.0,400,1340,4895,5943,419,4920,6124,1193,4790,5894,1115,4655,5956,0,0,0,-78,-135,62,167.8,1103.9,0.752,0.119,0.802,-3.312,-1.422,-1.625,178.3,1,0.9556,0.2540,0.1008,0.1104,15.4,7.8,0.0
178144,2026-08-30_09-12-02.146-240,v3.6.25,3.48,12.0,400,1331,4899,5936,419,4920,6124,1183,4794,5887,1115,4655,5956,0,0,0,-68,-139,69,169.4,1114.7,0.781,0.189,0.793,-3.719,-2.250,-0.375,179.6,1,0.9558,0.2533,0.1006,0.1101,15.3,7.8,0.0
178171,2026-08-30_09-12-02.173-240,v3.6.25,3.48,12.0,400,1334,4888,5949,417,4920,6153,1187,4783,5900,1118,4655,5985,0,0,0,-69,-128,85,168.4,1108.1,0.773,0.154,0.788,-4.562,-2.297,1.016,178.8,1,0.9562,0.2523,0.1003,0.1097,15.2,7.8,0.0
178211,2026-08-30_09-12-02.213-240,v3.6.25,3.48,12.0,400,1334,4888,5949,417,4920,6153,1187,4783,5900,1118,4655,5985,0,0,0,-69,-128,85,168.4,1108.1,0.797,0.159,0.759,-3.797,-2.250,1.156,178.8,1,0.9565,0.2514,0.1000,0.1095,15.2,7.8,0.0
178266,2026-08-30_09-12-02.268-240,v3.6.25,3.48,12.0,400,1321,4873,5963,398,4890,6131,1174,4768,5914,1096,4625,5966,0,0,0,-78,-143,52,171.0,1124.9,0.802,0.111,0.781,-3.094,-1.906,-2.734,180.9,1,0.9566,0.2511,0.0998,0.1091,15.1,7.8,0.0
178316,2026-08-30_09-12-02.318-240,v3.6.25,3.48,12.0,400,1321,4873,5963,402,4892,6151,1174,4768,5914,1103,4627,5985,0,0,0,-71,-141,71,173.1,1138.8,0.777,0.188,0.774,-1.312,-1.453,-4.141,182.7,1,0.9567,0.2511,0.0998,0.1087,15.1,7.8,0.0
178346,2026-08-30_09-12-02.348-240,v3.6.25,3.48,12.0,400,1348,4856,5970,430,4885,6143,1201,4750,5921,1130,4620,5973,0,0,0,-71,-130,52,157.0,1032.8,0.787,0.229,0.774,-5.594,-1.234,1.875,169.2,1,0.9570,0.2499,0.0997,0.1083,15.0,7.9,0.0
178380,2026-08-30_09-12-02.382-240,v3.6.25,3.48,12.0,400,1346,4862,5973,430,4885,6143,1199,4756,5924,1130,4620,5973,0,0,0,-69,-136,49,160.2,1053.8,0.802,0.172,0.755,-9.594,-0.625,5.859,171.9,1,0.9576,0.2477,0.0996,0.1079,15.0,7.9,0.0
178421,2026-08-30_09-12-02.423-240,v3.6.25,3.48,12.0,400,1346,4862,5973,413,4874,6138,1199,4756,5924,1112,4609,5971,0,0,0,-87,-147,47,177.2,1165.6,0.778,0.110,0.779,-5.625,-0.094,-0.391,186.1,1,0.9579,0.2468,0.0998,0.1074,14.9,7.9,0.0
178448,2026-08-30_09-12-02.451-240,v3.6.25,3.48,12.0,400,1312,4862,5979,394,4880,6147,1165,4757,5930,1095,4615,5983,0,0,0,-70,-142,53,167.0,1098.4,0.787,0.160,0.771,-4.859,-0.516,-2.375,177.6,1,0.9581,0.2462,0.0999,0.1067,14.8,8.0,0.0
178496,2026-08-30_09-12-02.498-240,v3.6.25,3.48,12.0,400,1316,4866,5973,394,4880,6147,1169,4761,5924,1095,4615,5983,0,0,0,-74,-146,59,174.0,1144.7,0.796,0.187,0.773,-6.562,-0.328,1.531,183.5,1,0.9585,0.2449,0.1000,0.1063,14.8,8.0,0.0
178526,2026-08-30_09-12-02.528-240,v3.6.25,3.48,12.0,400,1316,4866,5973,391,4876,6136,1169,4761,5924,1090,4611,5972,0,0,0,-79,-150,48,176.2,1159.2,0.785,0.179,0.758,-8.781,-0.406,4.734,185.3,1,0.9590,0.2430,0.1000,0.1058,14.7,8.1,0.0
178556,2026-08-30_09-12-02.558-240,v3.6.25,3.48,12.0,400,1307,4860,5975,391,4876,6136,1160,4755,5926,1090,4611,5972,0,0,0,-70,-144,46,166.6,1096.0,0.786,0.129,0.747,-8.297,-0.719,3.844,177.3,1,0.9595,0.2412,0.0999,0.1053,14.6,8.1,0.0
178585,2026-08-30_09-12-02.586-240,v3.6.25,3.48,12.0,400,1268,4864,5980,362,4881,6144,1121,4759,5931,1062,4616,5985,0,0,0,-59,-143,54,163.8,1077.9,0.774,0.128,0.761,-5.953,-0.922,-0.125,175.0,1,0.9599,0.2403,0.1000,0.1048,14.6,8.1,0.0
178627,2026-08-30_09-12-02.629-240,v3.6.25,3.48,12.0,400,1268,4864,5980,346,4891,6146,1121,4759,5931,1046,4626,5990,0,0,0,-75,-133,59,163.7,1076.9,0.765,0.161,0.782,-3.922,-0.828,-0.750,174.8,1,0.9601,0.2395,0.1000,0.1044,14.5,8.2,0.0
178671,2026-08-30_09-12-02.673-240,v3.6.25,3.48,12.0,400,1265,4854,5983,346,4891,6146,1118,4749,5934,1046,4626,5990,0,0,0,-72,-123,56,153.1,1007.4,0.767,0.169,0.758,-8.297,0.328,7.344,166.0,1,0.9606,0.2373,0.1000,0.1043,14.5,8.2,0.0
178701,2026-08-30_09-12-02.703-240,v3.6.25,3.48,12.0,400,1271,4858,5983,331,4880,6154,1124,4753,5934,1033,4615,6000,0,0,0,-91,-138,66,178.0,1171.0,0.752,0.144,0.717,-8.094,1.219,7.688,186.8,1,0.9612,0.2350,0.1002,0.1043,14.5,8.3,0.0
178746,2026-08-30_09-12-02.748-240,v3.6.25,3.48,12.0,400,1271,4890,5990,306,4882,6153,1123,4785,5940,1008,4617,6003,0,0,0,-115,-168,63,213.1,1402.1,0.716,0.068,0.708,-2.016,2.219,-0.438,216.3,1,0.9613,0.2344,0.1006,0.1044,14.5,8.3,0.0
178789,2026-08-30_09-12-02.791-240,v3.6.25,3.48,12.0,400,1228,4905,5969,306,4882,6153,1080,4801,5919,1008,4617,6003,0,0,0,-72,-184,84,214.7,1412.5,0.718,0.090,0.727,6.797,3.547,-9.109,217.6,1,0.9608,0.2358,0.1014,0.1048,14.6,8.4,0.0
178837,2026-08-30_09-12-02.839-240,v3.6.25,3.48,12.0,400,1228,4905,5969,310,4921,6136,1080,4801,5919,1008,4655,5986,0,0,0,-72,-146,67,176.0,1158.1,0.850,0.926,0.804,6.859,6.516,4.453,185.2,1,0.9604,0.2364,0.1022,0.1061,14.8,8.4,0.0
178863,2026-08-30_09-12-02.865-240,v3.6.25,3.48,12.0,400,1304,4918,5939,373,4955,6091,1156,4814,5889,1063,4689,5931,0,0,0,-93,-125,42,161.4,1061.6,0.736,0.392,0.792,-54.547,8.969,60.359,172.9,1,0.9638,0.2221,0.1031,0.1051,14.6,8.7,0.0
178906,2026-08-30_09-12-02.908-240,v3.6.25,3.48,12.0,400,1041,4968,5938,373,4955,6091,892,4867,5888,1063,4689,5931,0,0,0,171,-178,43,250.5,1648.3,0.824,-0.268,0.748,-10.828,7.594,0.547,247.7,1,0.9642,0.2204,0.1045,0.1044,14.5,8.9,0.0
178944,2026-08-30_09-12-02.946-240,v3.6.25,3.48,12.0,400,1041,4968,5938,77,5015,6038,892,4867,5888,756,4746,5930,0,0,0,-136,-121,42,186.8,1229.1,0.797,-0.312,0.565,23.609,8.219,-50.828,194.2,1,0.9620,0.2291,0.1070,0.1032,14.5,9.1,0.0
178972,2026-08-30_09-12-02.974-240,v3.6.25,3.48,12.0,400,998,5026,5898,193,5067,6005,848,4927,5847,865,4798,5878,0,0,0,17,-129,31,133.8,880.0,0.664,0.235,0.802,33.953,-4.625,-63.391,149.7,1,0.9592,0.2408,0.1077,0.1015,14.5,9.1,0.0
179019,2026-08-30_09-12-02.022-240,v3.6.25,3.48,12.0,400,1260,5016,5866,193,5067,6005,1111,4914,5816,865,4798,5878,0,0,0,-246,-116,62,279.0,1835.2,1.251,0.696,1.116,-28.406,-17.688,28.141,271.6,1,0.9614,0.2341,0.1044,0.0999,14.1,8.9,0.0
179051,2026-08-30_09-12-02.053-240,v3.6.25,3.48,12.0,400,1260,5016,5866,394,4993,6071,1111,4914,5816,1079,4726,5908,0,0,0,-32,-188,92,211.7,1393.0,1.127,-0.095,0.569,-20.844,-29.562,36.297,215.1,1,0.9637,0.2272,0.0983,0.0999,13.9,8.3,0.0
179079,2026-08-30_09-12-02.081-240,v3.6.25,3.48,12.0,400,1201,4917,5963,394,4993,6071,1053,4814,5913,1079,4726,5908,0,0,0,26,-88,-5,91.9,604.6,1.490,0.327,0.756,-12.000,-50.812,52.734,114.6,1,0.9663,0.2194,0.0877,0.1018,13.7,7.2,0.0
179107,2026-08-30_09-12-03.109-240,v3.6.25,3.48,12.0,400,1080,4666,6192,187,4815,6228,934,4559,6143,903,4551,6097,0,0,0,-31,-8,-46,56.0,368.7,1.395,-0.133,0.959,-22.359,-73.219,64.906,84.5,1,0.9697,0.2090,0.0735,0.1027,13.4,5.7,0.0
179150,2026-08-30_09-12-03.151-240,v3.6.25,3.48,12.0,400,1080,4666,6192,5,4374,6551,934,4559,6143,785,4117,6444,0,0,0,-149,-442,301,555.1,3652.2,0.990,-0.463,1.171,46.734,-106.812,-16.859,503.3,1,0.9690,0.2173,0.0551,0.1040,13.1,3.5,0.0
179200,2026-08-30_09-12-03.202-240,v3.6.25,3.48,12.0,400,1061,4174,6537,5,4374,6551,919,4059,6492,785,4117,6444,0,0,0,-134,58,-48,153.7,1011.2,0.866,0.812,0.851,0.328,-179.188,-2.094,166.4,1,0.9701,0.2210,0.0255,0.0969,11.5,0.4,0.0
179257,2026-08-30_09-12-03.259-240,v3.6.25,3.48,12.0,400,1456,3214,6994,330,3395,7116,1323,3082,6957,1229,3155,6943,0,0,0,-94,73,-14,119.8,788.4,0.840,0.203,0.564,-43.391,-233.406,6.969,138.0,1,0.9720,0.2194,-0.0132,0.0825,8.9,-3.6,0.0
179315,2026-08-30_09-12-03.317-240,v3.6.25,3.48,12.0,400,1428,1710,7481,220,1755,7667,1307,1563,7458,1249,1534,7503,0,0,0,-58,-29,45,78.9,519.3,0.799,0.220,0.089,-85.406,-246.188,32.109,103.7,1,0.9739,0.2107,-0.0546,0.0637,5.9,-7.6,0.0
179543,2026-08-30_09-12-03.544-240,v3.6.25,3.50,12.0,400,482,-5070,5542,-467,-4910,5901,413,-5190,5611,408,-5116,5910,0,0,0,-5,74,299,308.1,2026.7,0.204,-0.051,-0.731,11.641,-22.453,-12.094,296.0,1,0.9729,0.2140,-0.0593,0.0645,5.8,-8.2,0.0
179571,2026-08-30_09-12-03.573-240,v3.6.25,3.50,12.0,400,482,-5070,5542,-509,-5323,5560,413,-5190,5611,317,-5532,5585,0,0,0,-96,-342,-26,356.2,2343.2,0.560,0.254,-0.554,23.016,16.375,4.875,336.4,1,0.9723,0.2153,-0.0582,0.0697,6.4,-8.2,0.0
179620,2026-08-30_09-12-03.622-240,v3.6.25,3.50,12.0,400,447,-5194,5501,-528,-5167,5748,378,-5313,5572,326,-5374,5771,0,0,0,-52,-61,199,214.5,1411.4,0.648,0.150,-0.629,13.062,96.797,-0.250,217.5,1,0.9726,0.2154,-0.0431,0.0761,7.5,-6.7,0.0
179666,2026-08-30_09-12-03.668-240,v3.6.25,3.50,12.0,400,466,-4828,5844,-528,-5167,5748,395,-4953,5908,326,-5374,5771,0,0,0,-69,-421,-137,448.1,2947.9,0.750,0.152,-0.477,6.453,154.969,-14.078,413.5,1,0.9727,0.2161,-0.0175,0.0825,8.8,-4.0,0.0
179835,2026-08-30_09-12-03.836-240,v3.6.25,3.50,12.0,400,1223,-1000,7535,-14,-1231,7729,1123,-1154,7543,1092,-1431,7609,0,0,0,-31,-277,66,286.4,1884.5,0.609,0.327,0.174,-9.984,239.719,-0.297,277.8,1,0.9728,0.2119,0.0225,0.0907,10.7,0.3,0.0
180068,2026-08-30_09-12-03.069-240,v3.6.25,3.50,12.0,400,915,5731,5191,151,5437,5641,759,5649,5137,753,5159,5529,0,0,0,-6,-490,392,627.5,4128.5,1.164,-0.068,1.616,-1.297,54.234,-7.016,564.1,1,0.9725,0.2115,0.0324,0.0922,11.1,1.4,0.0
180096,2026-08-30_09-12-04.098-240,v3.6.25,3.50,12.0,400,915,5731,5191,111,6007,5057,759,5649,5137,600,5716,4964,0,0,0,-159,67,-173,244.3,1607.5,1.511,0.003,1.769,18.578,10.734,-23.969,242.5,1,0.9713,0.2160,0.0350,0.0934,11.3,1.6,0.0
180131,2026-08-30_09-12-04.133-240,v3.6.25,3.50,12.0,400,861,6008,4896,111,6007,5057,703,5933,4841,600,5716,4964,0,0,0,-103,-217,123,269.9,1775.4,1.065,0.355,1.920,15.516,-44.375,-25.812,263.9,1,0.9704,0.2217,0.0286,0.0918,11.0,0.8,0.0
180159,2026-08-30_09-12-04.160-240,v3.6.25,3.50,12.0,400,1038,5894,5032,234,6087,5013,881,5814,4977,714,5795,4900,0,0,0,-167,-19,-77,184.9,1216.3,0.767,0.418,1.472,9.688,-99.219,-2.719,192.6,1,0.9703,0.2244,0.0124,0.0893,10.3,-0.9,0.0
180201,2026-08-30_09-12-04.203-240,v3.6.25,3.50,12.0,400,1038,5894,5032,360,5572,5628,881,5814,4977,957,5294,5480,0,0,0,76,-520,503,727.5,4785.9,0.670,0.133,1.328,14.359,-178.484,15.969,648.0,1,0.9702,0.2257,-0.0180,0.0860,9.2,-4.2,0.0
180247,2026-08-30_09-12-04.249-240,v3.6.25,3.50,12.0,400,1226,5262,5711,360,5572,5628,1075,5164,5659,957,5294,5480,0,0,0,-118,130,-179,250.7,1649.5,0.840,0.198,1.084,20.719,-243.172,30.734,247.9,1,0.9688,0.2260,-0.0601,0.0822,7.7,-8.8,0.0
180305,2026-08-30_09-12-04.307-240,v3.6.25,3.50,12.0,400,1497,3968,6642,425,4220,6702,1358,3845,6599,1235,3969,6521,0,0,0,-123,124,-78,191.3,1258.4,0.779,0.166,0.578,30.984,-283.703,27.562,198.0,1,0.9645,0.2275,-0.1093,0.0781,6.0,-14.3,0.0
180361,2026-08-30_09-12-04.363-240,v3.6.25,3.50,12.0,400,1692,2048,7344,481,2075,7575,1569,1902,7318,1488,1852,7368,0,0,0,-81,-50,50,107.5,707.4,0.763,0.406,0.166,-5.047,-284.922,47.875,127.7,1,0.9593,0.2230,-0.1590,0.0693,3.8,-19.6,0.0
180593,2026-08-30_09-12-04.594-240,v3.6.25,3.50,12.0,400,544,-5808,4776,-241,-5535,5286,481,-5917,4859,543,-5745,5273,0,0,0,62,172,414,452.6,2977.5,0.394,-0.289,-0.434,-29.594,-64.641,36.391,417.3,1,0.9591,0.2160,-0.1709,0.0651,3.1,-20.9,0.0
180621,2026-08-30_09-12-04.623-240,v3.6.25,3.50,12.0,400,544,-5808,4776,-479,-6133,4603,481,-5917,4859,202,-6351,4648,0,0,0,-279,-434,-211,557.4,3667.2,0.392,-0.078,-0.534,2.078,-19.266,3.078,505.3,1,0.9583,0.2160,-0.1752,0.0658,3.1,-21.4,0.0
180657,2026-08-30_09-12-04.660-240,v3.6.25,3.50,12.0,400,246,-6112,4451,-479,-6133,4603,184,-6212,4540,202,-6351,4648,0,0,0,18,-139,108,176.9,1164.1,0.311,0.146,-0.670,9.750,32.250,-6.797,185.9,1,0.9585,0.2175,-0.1708,0.0689,3.5,-20.9,0.0
180684,2026-08-30_09-12-04.686-240,v3.6.25,3.50,12.0,400,258,-6028,4580,-558,-6212,4532,195,-6130,4667,112,-6432,4592,0,0,0,-83,-302,-75,322.1,2118.8,0.411,0.275,-0.617,14.375,74.672,-8.625,307.7,1,0.9597,0.2192,-0.1593,0.0743,4.4,-19.8,0.0
180727,2026-08-30_09-12-04.729-240,v3.6.25,3.50,12.0,400,258,-6028,4580,-517,-5874,5022,195,-6130,4667,229,-6088,5063,0,0,0,34,42,396,399.7,2629.4,0.594,0.198,-0.625,-4.109,124.703,7.219,372.9,1,0.9630,0.2164,-0.1395,0.0796,5.6,-17.6,0.0
180771,2026-08-30_09-12-04.773-240,v3.6.25,3.50,12.0,400,368,-5594,5130,-517,-5874,5022,302,-5707,5208,229,-6088,5063,0,0,0,-73,-381,-145,414.1,2724.6,0.854,0.025,-0.481,7.156,177.984,-10.281,385.0,1,0.9662,0.2159,-0.1103,0.0876,7.2,-14.5,0.0
180832,2026-08-30_09-12-04.834-240,v3.6.25,3.50,12.0,400,519,-4747,5942,-488,-5049,5917,447,-4874,6004,393,-5254,5929,0,0,0,-54,-380,-75,391.1,2572.9,0.939,0.162,-0.338,7.281,228.188,-16.469,365.7,1,0.9690,0.2154,-0.0723,0.0970,9.2,-10.5,0.0
180885,2026-08-30_09-12-04.886-240,v3.6.25,3.50,12.0,400,790,-3420,6809,-350,-3668,6899,708,-3563,6850,668,-3866,6861,0,0,0,-40,-303,11,305.8,2012.0,0.781,-0.049,-0.099,8.969,242.406,-21.547,294.1,1,0.9703,0.2149,-0.0316,0.1065,11.2,-6.2,0.0
181120,2026-08-30_09-12-05.121-240,v3.6.25,3.50,12.0,400,1279,3702,6759,207,3263,7111,1141,3578,6718,1108,3023,6959,0,0,0,-33,-555,241,606.0,3986.6,1.530,-0.069,1.385,44.281,30.031,-29.094,546.0,1,0.9683,0.2217,-0.0262,0.1124,12.0,-5.8,0.0
181150,2026-08-30_09-12-05.152-240,v3.6.25,3.50,12.0,400,1490,3930,6573,292,3870,6798,1351,3808,6530,1126,3622,6638,0,0,0,-225,-186,108,311.3,2047.8,1.416,0.364,1.068,40.266,-7.859,-28.781,298.7,1,0.9661,0.2289,-0.0271,0.1161,12.3,-6.1,0.0
181198,2026-08-30_09-12-05.200-240,v3.6.25,3.50,12.0,400,1490,3930,6573,608,3820,6837,1351,3808,6530,1450,3575,6622,0,0,0,99,-233,92,269.4,1772.1,1.226,-0.052,1.014,27.844,-71.094,-28.516,263.5,1,0.9640,0.2363,-0.0384,0.1155,11.9,-7.4,0.0
181236,2026-08-30_09-12-05.238-240,v3.6.25,3.50,12.0,400,1748,3701,6672,608,3820,6837,1612,3573,6631,1450,3575,6622,0,0,0,-162,2,-9,162.3,1067.5,1.119,-0.840,0.831,112.438,-101.219,-123.672,173.6,1,0.9554,0.2649,-0.0536,0.1189,11.6,-9.5,0.0
181264,2026-08-30_09-12-05.266-240,v3.6.25,3.50,12.0,400,2374,3085,6712,1022,3209,7098,2245,2946,6678,1923,2975,6808,0,0,0,-322,29,130,348.5,2292.5,1.234,-0.821,0.593,213.969,-101.672,-229.172,329.9,1,0.9374,0.3163,-0.0674,0.1293,11.8,-12.0,0.0
181470,2026-08-30_09-12-05.471-240,v3.6.25,3.50,12.0,400,7590,1006,-905,7584,1517,444,7494,942,-860,7397,1230,-794,0,0,0,-97,288,66,311.0,2045.9,-0.047,1.101,-0.111,-38.297,-19.359,163.422,298.4,1,0.9441,0.2909,-0.0768,0.1350,12.5,-12.9,0.0
181515,2026-08-30_09-12-05.517-240,v3.6.25,3.50,12.0,400,7590,1006,-905,7631,939,650,7494,942,-860,7492,659,-600,0,0,0,-2,-283,260,384.3,2528.3,0.261,0.792,-0.044,-46.969,-26.078,130.156,360.0,1,0.9493,0.2697,-0.0855,0.1367,12.7,-13.7,0.0
181668,2026-08-30_09-12-05.670-240,v3.6.25,3.50,12.0,400,6410,308,4944,3294,182,7412,6317,144,4955,4319,-12,6736,0,0,0,-1998,-156,1781,2681.1,17638.8,-0.483,-0.814,-0.777,-492.094,42.859,511.984,2287.5,1,0.9788,0.1560,-0.0871,0.1004,10.0,-11.6,0.0
181825,2026-08-30_09-12-05.826-240,v3.6.25,3.50,12.0,400,-4477,930,6058,-5310,959,5480,-4611,881,6053,-4643,675,6307,0,0,0,-32,-206,254,328.6,2161.8,0.761,-0.063,0.663,58.516,-32.750,-62.406,313.2,1,0.9756,0.1700,-0.0916,0.1043,10.2,-12.4,0.0
181880,2026-08-30_09-12-05.883-240,v3.6.25,3.50,12.0,400,-4326,883,6305,-5310,959,5480,-4459,827,6299,-4643,675,6307,0,0,0,-184,-152,8,238.8,1571.0,0.656,-0.675,0.347,-94.672,-55.828,88.000,237.9,1,0.9788,0.1499,-0.1023,0.0947,9.1,-13.2,0.0
181911,2026-08-30_09-12-05.913-240,v3.6.25,3.50,12.0,400,-4343,664,6165,-5318,749,5386,-4474,611,6162,-4662,465,6217,0,0,0,-188,-146,55,244.3,1607.3,0.562,-1.952,0.295,-50.312,-71.812,-11.531,242.5,1,0.9787,0.1488,-0.1137,0.0846,7.8,-14.3,0.0
181941,2026-08-30_09-12-05.943-240,v3.6.25,3.50,12.0,400,-4692,225,6111,-5318,749,5386,-4821,175,6114,-4662,465,6217,0,0,0,159,290,103,346.4,2278.9,0.413,-1.156,0.366,26.234,-90.172,-128.688,328.2,1,0.9739,0.1715,-0.1262,0.0781,6.5,-15.8,0.0
181984,2026-08-30_09-12-05.986-240,v3.6.25,3.50,12.0,400,-4692,225,6111,-5521,235,5331,-4821,175,6114,-4863,-46,6199,0,0,0,-42,-221,85,240.5,1582.1,0.742,0.746,0.182,-50.969,-124.750,-70.406,239.3,1,0.9707,0.1816,-0.1448,0.0614,4.0,-17.7,0.0
182225,2026-08-30_09-12-06.226-240,v3.6.25,3.50,12.0,400,-3911,-4546,4635,-4718,-4298,4177,-3999,-4593,4704,-4156,-4562,4946,0,0,0,-157,31,242,290.1,1908.7,0.591,0.359,-0.740,-112.516,-26.531,95.141,280.9,1,0.9744,0.1599,-0.1501,0.0492,2.9,-18.0,0.0
182255,2026-08-30_09-12-06.257-240,v3.6.25,3.50,12.0,400,-4233,-4797,4042,-4708,-4743,3577,-4320,-4829,4117,-4238,-5013,4360,0,0,0,82,-184,243,315.6,2076.6,0.602,-0.277,-0.760,-108.578,-5.922,129.719,302.3,1,0.9786,0.1322,-0.1525,0.0403,2.3,-18.0,0.0
182303,2026-08-30_09-12-06.304-240,v3.6.25,3.50,12.0,400,-4233,-4797,4042,-5171,-4733,2829,-4320,-4829,4117,-4830,-5018,3708,0,0,0,-510,-189,-409,680.5,4477.1,0.663,-0.589,-0.641,-26.266,23.000,87.469,608.6,1,0.9809,0.1160,-0.1505,0.0426,2.9,-17.8,0.0
182346,2026-08-30_09-12-06.348-240,v3.6.25,3.50,12.0,400,-4731,-4736,3553,-5171,-4733,2829,-4820,-4752,3631,-4830,-5018,3708,0,0,0,-10,-266,77,277.1,1823.0,0.646,-0.509,-0.623,33.156,40.953,57.859,270.0,1,0.9820,0.1082,-0.1456,0.0530,4.4,-17.3,0.0
182374,2026-08-30_09-12-06.376-240,v3.6.25,3.50,12.0,400,-5081,-4439,3501,-5546,-4445,2644,-5174,-4449,3576,-5243,-4737,3590,0,0,0,-69,-288,14,296.5,1950.5,0.506,-0.616,-0.582,65.812,52.672,41.562,286.3,1,0.9824,0.1048,-0.1388,0.0678,6.2,-16.7,0.0
182407,2026-08-30_09-12-06.409-240,v3.6.25,3.50,12.0,400,-5081,-4439,3501,-5546,-4445,2644,-5174,-4449,3576,-5243,-4737,3590,0,0,0,-69,-288,14,296.5,1950.5,0.621,-0.686,-0.465,115.219,63.781,10.297,286.3,1,0.9815,0.1095,-0.1298,0.0887,8.7,-15.9,0.0
182436,2026-08-30_09-12-06.438-240,v3.6.25,3.50,12.0,400,-5294,-3936,3793,-5818,-3887,2877,-5392,-3947,3860,-5488,-4181,3863,0,0,0,-96,-234,3,252.9,1664.1,0.547,-0.368,-0.630,145.562,72.406,-9.031,249.7,1,0.9792,0.1192,-0.1192,0.1132,11.6,-15.1,0.0
182465,2026-08-30_09-12-06.467-240,v3.6.25,3.50,12.0,400,-5353,-3221,4432,-5818,-3887,2877,-5456,-3241,4486,-5488,-4181,3863,0,0,0,-32,-940,-623,1128.2,7422.1,0.536,0.109,-0.661,141.859,77.328,13.906,984.3,1,0.9764,0.1252,-0.1084,0.1387,14.6,-14.3,0.0
182933,2026-08-30_09-12-06.934-240,v3.6.25,3.50,12.0,400,6883,1998,3126,6350,2028,4230,6778,1869,3130,6795,1789,3109,0,0,0,17,-80,-21,84.4,555.5,0.793,1.423,0.213,-140.672,-59.672,182.891,108.3,1,0.9800,0.0894,-0.1232,0.1285,13.8,-15.3,0.0
183298,2026-08-30_09-12-07.299-240,v3.6.25,3.50,12.0,400,-7439,-498,1446,-7454,-395,752,-7572,-425,1489,-7566,-756,2058,0,0,0,6,-331,569,658.3,4330.9,0.051,-1.753,-0.417,179.844,-33.875,-281.047,589.9,1,0.9720,0.1460,-0.1218,0.1379,14.0,-16.1,0.0
183455,2026-08-30_09-12-07.456-240,v3.6.25,3.50,12.0,400,-1498,-963,7583,-3697,-1003,7111,-1606,-1084,7590,-2706,-1237,7630,0,0,0,-1100,-153,40,1111.3,7311.2,-1.376,1.734,-1.726,500.031,-15.406,-512.000,970.1,1,0.9420,0.2592,-0.1119,0.1813,17.3,-17.8,0.0
183512,2026-08-30_09-12-07.513-240,v3.6.25,3.50,12.0,400,4030,-942,6003,2467,-1088,6955,3939,-1101,6021,3441,-1286,6433,0,0,0,-498,-185,412,672.3,4423.0,0.203,3.282,-0.540,218.750,-22.016,-254.891,601.7,1,0.9226,0.3135,-0.1076,0.1971,18.2,-18.8,0.0
183570,2026-08-30_09-12-07.572-240,v3.6.25,3.50,12.0,400,7228,-1149,2305,6151,-1162,4223,7149,-1277,2352,6666,-1380,3142,0,0,0,-483,-103,790,931.7,6129.4,1.035,1.797,-0.040,-43.422,-23.922,26.281,819.3,1,0.9249,0.3087,-0.1117,0.1917,17.6,-19.0,0.0
183616,2026-08-30_09-12-07.618-240,v3.6.25,3.50,12.0,400,7228,-1149,2305,6725,-1225,3579,7149,-1277,2352,7132,-1449,2417,0,0,0,-17,-172,65,184.7,1214.8,0.721,1.503,-0.445,-108.859,-32.375,146.641,192.4,1,0.9338,0.2818,-0.1220,0.1836,16.9,-19.4,0.0
183646,2026-08-30_09-12-07.648-240,v3.6.25,3.50,12.0,400,7089,-1161,2856,6362,-1276,4339,7010,-1298,2899,6899,-1490,3220,0,0,0,-111,-192,321,390.2,2566.9,0.404,1.427,-0.322,-149.734,-48.625,256.031,364.9,1,0.9457,0.2358,-0.1393,0.1751,16.4,-20.2,0.0
183980,2026-08-30_09-12-07.981-240,v3.6.25,3.50,12.0,400,-4569,-5477,2571,-4799,-5336,2140,-4652,-5479,2664,-4561,-5625,2974,0,0,0,91,-146,310,354.5,2332.5,0.691,-0.347,-0.689,107.016,-51.281,-144.484,335.0,1,0.9357,0.2661,-0.1440,0.1813,16.4,-21.5,0.0
184010,2026-08-30_09-12-07.012-240,v3.6.25,3.50,12.0,400,-4491,-5595,2712,-4900,-5496,1944,-4573,-5601,2806,-4692,-5788,2800,0,0,0,-119,-187,-6,221.7,1458.8,0.636,-0.803,-0.661,136.484,-29.719,-166.125,223.5,1,0.9232,0.3003,-0.1444,0.1916,16.8,-22.4,0.0
184039,2026-08-30_09-12-07.040-240,v3.6.25,3.50,12.0,400,-4029,-5571,3456,-4900,-5496,1944,-4109,-5597,3545,-4692,-5788,2800,0,0,0,-583,-191,-745,965.1,6349.3,0.370,-1.474,-1.071,226.188,-9.047,-270.375,847.4,1,0.9008,0.3541,-0.1379,0.2100,17.8,-23.4,0.0
184294,2026-08-30_09-12-08.295-240,v3.6.25,3.50,12.0,400,4869,-4842,3230,4091,-4948,4295,4812,-4971,3313,4699,-5151,3570,0,0,0,-113,-180,257,333.5,2194.0,0.748,0.563,-0.461,-111.375,3.219,97.438,317.3,1,0.9105,0.3336,-0.1403,0.2001,17.1,-22.9,0.0
184327,2026-08-30_09-12-08.329-240,v3.6.25,3.50,12.0,400,4588,-4778,3753,4091,-4948,4295,4530,-4914,3831,4699,-5151,3570,0,0,0,169,-237,-261,391.0,2572.1,0.864,0.867,-0.634,-138.844,1.594,101.219,365.6,1,0.9212,0.3108,-0.1421,0.1860,15.9,-22.2,0.0
184356,2026-08-30_09-12-08.358-240,v3.6.25,3.50,12.0,400,4201,-4655,4336,3602,-4863,4829,4141,-4797,4409,4299,-5061,4174,0,0,0,158,-264,-235,387.1,2547.0,0.469,1.120,-0.743,-205.266,2.859,167.203,362.4,1,0.9363,0.2739,-0.1450,0.1654,14.3,-21.2,0.0
184557,2026-08-30_09-12-08.558-240,v3.6.25,3.51,12.0,400,-2311,-4073,5838,-3089,-4202,5473,-2397,-4161,5893,-2305,-4436,5935,0,0,0,92,-275,42,293.0,1927.7,0.718,-2.795,-0.469,28.297,83.828,53.234,283.4,1,0.9382,0.2644,-0.1351,0.1777,16.2,-20.3,0.0
184617,2026-08-30_09-12-08.619-240,v3.6.25,3.51,12.0,400,-3453,-2890,6271,-4677,-3580,4859,-3552,-2968,6309,-4014,-3838,5603,0,0,0,-462,-870,-706,1211.9,7973.2,0.858,-0.029,-0.440,213.359,80.953,-117.281,1054.6,1,0.9255,0.2926,-0.1220,0.2075,19.5,-20.3,0.0
185029,2026-08-30_09-12-08.030-240,v3.6.25,3.51,12.0,400,6488,1411,3812,5530,1303,5151,6386,1271,3818,6147,1079,4148,0,0,0,-239,-192,330,450.4,2963.3,0.550,1.924,0.416,-91.203,-21.906,47.812,415.5,1,0.9309,0.2815,-0.1254,0.1960,18.3,-20.1,0.0
185057,2026-08-30_09-12-08.059-240,v3.6.25,3.51,12.0,400,6673,1509,3710,6025,1444,4781,6571,1369,3716,6577,1216,3703,0,0,0,6,-153,-13,153.7,1011.0,0.576,1.953,0.367,-155.719,-28.469,113.031,166.4,1,0.9407,0.2566,-0.1317,0.1785,16.6,-19.8,0.0
185086,2026-08-30_09-12-09.087-240,v3.6.25,3.51,12.0,400,6673,1509,3710,6025,1444,4781,6571,1369,3716,6577,1216,3703,0,0,0,6,-153,-13,153.7,1011.0,0.432,2.493,-0.172,-269.031,-28.656,263.312,166.4,1,0.9571,0.2010,-0.1428,0.1525,14.4,-19.5,0.0
185343,2026-08-30_09-12-09.344-240,v3.6.25,3.51,12.0,400,-6486,1626,3564,-6793,1938,2958,-6633,1652,3568,-6580,1599,4094,0,0,0,53,-53,526,531.3,3495.5,0.235,-1.282,-0.330,367.859,0.656,-345.172,483.3,1,0.9326,0.2765,-0.1348,0.1886,17.3,-20.8,0.0
185554,2026-08-30_09-12-09.555-240,v3.6.25,3.51,12.0,400,933,4198,6435,-451,4008,6721,790,4086,6390,366,3753,6688,0,0,0,-424,-333,298,616.0,4052.7,0.583,0.906,0.803,62.469,151.953,-105.500,554.4,1,0.9297,0.2915,-0.1053,0.1990,19.0,-18.2,0.0
185611,2026-08-30_09-12-09.613-240,v3.6.25,3.51,12.0,400,1910,5102,5528,1016,5127,5869,1763,4999,5479,1665,4860,5605,0,0,0,-98,-139,126,211.7,1392.5,0.289,0.811,0.899,-40.156,131.984,-47.328,215.1,1,0.9327,0.2916,-0.0793,0.1967,19.4,-15.2,0.0
185670,2026-08-30_09-12-09.672-240,v3.6.25,3.51,12.0,400,1620,6477,4028,1325,5973,4948,1460,6411,3973,1798,5688,4652,0,0,0,338,-723,679,1047.9,6893.8,0.306,0.566,0.806,-105.562,105.609,8.266,916.9,1,0.9399,0.2795,-0.0589,0.1871,19.0,-12.4,0.0
185730,2026-08-30_09-12-09.732-240,v3.6.25,3.51,12.0,400,937,6836,3527,960,6644,4120,772,6789,3472,1277,6339,3904,0,0,0,505,-450,432,802.6,5280.2,0.423,-0.238,1.190,-90.547,66.594,6.375,711.0,1,0.9454,0.2695,-0.0454,0.1777,18.5,-10.5,0.0
185763,2026-08-30_09-12-09.765-240,v3.6.25,3.51,12.0,400,937,6836,3527,320,7062,3499,772,6789,3472,521,6740,3406,0,0,0,-251,-49,-66,264.1,1737.6,0.264,-0.111,1.607,-41.016,34.531,-19.984,259.1,1,0.9472,0.2680,-0.0370,0.1721,18.1,-9.3,0.0
185791,2026-08-30_09-12-09.793-240,v3.6.25,3.51,12.0,400,425,7018,3216,-63,7233,3167,257,6984,3161,77,6903,3146,0,0,0,-180,-81,-15,198.0,1302.3,0.174,0.022,1.902,-15.219,-1.750,-13.422,203.6,1,0.9476,0.2688,-0.0355,0.1690,17.8,-9.1,0.0
185841,2026-08-30_09-12-09.842-240,v3.6.25,3.51,12.0,400,281,7021,3245,-63,7233,3167,112,6989,3189,77,6903,3146,0,0,0,-35,-86,-43,102.3,673.2,0.078,0.195,1.646,9.359,-83.469,17.922,123.3,1,0.9470,0.2693,-0.0497,0.1680,17.2,-10.6,0.0
185871,2026-08-30_09-12-09.873-240,v3.6.25,3.51,12.0,400,281,7021,3245,-93,7126,3452,112,6989,3189,98,6801,3430,0,0,0,-14,-188,241,306.0,2013.0,0.145,0.255,1.392,6.000,-144.531,50.609,294.2,1,0.9464,0.2665,-0.0754,0.1660,16.4,-13.4,0.0
186130,2026-08-30_09-12-10.131-240,v3.6.25,3.51,12.0,400,997,774,7664,-238,836,7774,882,626,7651,829,621,7687,0,0,0,-53,-5,36,64.3,422.8,1.146,-0.040,-0.220,-37.844,-250.344,-8.266,91.4,1,0.9437,0.2717,-0.1160,0.1487,13.2,-17.4,0.0
186236,2026-08-30_09-12-10.237-240,v3.6.25,3.51,12.0,400,803,-2945,6917,-334,-3320,6944,718,-3088,6952,684,-3520,6902,0,0,0,-34,-432,-50,436.2,2869.8,1.121,0.826,-0.517,-0.312,-170.016,-11.719,403.5,1,0.9392,0.2781,-0.1443,0.1405,11.3,-20.4,0.0
186310,2026-08-30_09-12-10.311-240,v3.6.25,3.51,12.0,400,882,-5050,5514,-50,-4713,6056,814,-5175,5583,848,-4916,5990,0,0,0,34,259,407,483.6,3181.7,0.830,-0.121,-0.496,55.125,-26.234,-81.625,443.3,1,0.9332,0.2945,-0.1474,0.1437,11.2,-21.1,0.0
186346,2026-08-30_09-12-10.348-240,v3.6.25,3.51,12.0,400,882,-5050,5514,-9,-5329,5597,814,-5175,5583,824,-5534,5536,0,0,0,10,-359,-47,362.2,2382.9,0.664,1.039,-0.857,15.484,36.484,-22.531,341.4,1,0.9322,0.2986,-0.1417,0.1473,11.7,-20.6,0.0
186376,2026-08-30_09-12-10.378-240,v3.6.25,3.51,12.0,400,1226,-5177,5374,324,-5199,5764,1160,-5304,5445,1183,-5401,5643,0,0,0,23,-97,198,221.7,1458.4,0.697,0.649,-0.526,-68.094,90.469,46.625,223.5,1,0.9387,0.2854,-0.1278,0.1452,12.2,-18.8,0.0
186426,2026-08-30_09-12-10.428-240,v3.6.25,3.51,12.0,400,1236,-4729,5842,324,-5199,5764,1166,-4863,5905,1183,-5401,5643,0,0,0,17,-538,-262,598.6,3938.5,0.724,-0.715,-0.560,-45.328,186.188,14.578,539.9,1,0.9447,0.2752,-0.0974,0.1492,13.7,-15.4,0.0
186772,2026-08-30_09-12-10.773-240,v3.6.25,3.51,12.0,400,1347,5663,5192,332,5299,5748,1193,5575,5139,955,5025,5603,0,0,0,-238,-550,464,757.9,4986.3,0.878,0.329,1.358,2.594,7.156,10.203,673.5,1,0.9451,0.2735,-0.0961,0.1510,14.0,-15.3,0.0
186816,2026-08-30_09-12-10.818-240,v3.6.25,3.51,12.0,400,1347,5663,5192,565,5783,5328,1193,5575,5139,1106,5500,5152,0,0,0,-87,-75,13,115.6,760.5,0.656,0.481,2.051,-15.594,-101.250,26.141,134.5,1,0.9448,0.2710,-0.1128,0.1458,12.9,-17.0,0.0
186845,2026-08-30_09-12-10.846-240,v3.6.25,3.51,12.0,400,1346,5535,5387,494,5369,5790,1193,5443,5334,1123,5096,5616,0,0,0,-70,-347,282,452.6,2977.5,0.770,0.259,1.713,-33.766,-161.297,54.125,417.3,1,0.9443,0.2644,-0.1402,0.1368,11.3,-19.7,0.0
187241,2026-08-30_09-12-11.242-240,v3.6.25,3.51,12.0,400,893,-5804,4765,-160,-5686,5186,831,-5917,4848,611,-5896,5162,0,0,0,-220,21,314,384.0,2526.2,0.433,0.488,-0.621,-21.234,4.359,33.453,359.7,1,0.9459,0.2583,-0.1412,0.1365,11.4,-19.7,0.0
187286,2026-08-30_09-12-11.288-240,v3.6.25,3.51,12.0,400,893,-5804,4765,20,-5947,4907,831,-5917,4848,749,-6159,4859,0,0,0,-82,-242,11,255.8,1682.6,0.256,0.089,-0.483,-34.594,60.172,34.062,252.1,1,0.9494,0.2498,-0.1327,0.1368,11.8,-18.7,0.0
187315,2026-08-30_09-12-11.317-240,v3.6.25,3.51,12.0,400,726,-5696,4962,-194,-5735,5204,662,-5810,5042,581,-5945,5185,0,0,0,-81,-135,143,212.7,1399.2,0.307,-0.081,-0.468,-32.969,98.484,16.406,215.9,1,0.9530,0.2429,-0.1172,0.1378,12.4,-16.9,0.0
187360,2026-08-30_09-12-11.362-240,v3.6.25,3.51,12.0,400,707,-5193,5519,-194,-5735,5204,639,-5316,5590,581,-5945,5185,0,0,0,-58,-629,-405,750.4,4936.5,0.664,-0.033,-0.387,-28.938,150.828,-2.312,667.2,1,0.9567,0.2377,-0.0921,0.1404,13.4,-14.1,0.0
187388,2026-08-30_09-12-11.390-240,v3.6.25,3.51,12.0,400,707,-5193,5519,-239,-5060,5919,639,-5316,5590,643,-5264,5889,0,0,0,4,52,299,303.5,1996.8,0.806,-0.337,-0.401,-2.344,185.734,-41.781,292.2,1,0.9581,0.2391,-0.0601,0.1456,14.8,-10.7,0.0
187825,2026-08-30_09-12-11.826-240,v3.6.25,3.51,12.0,400,1145,6529,4079,533,6500,4406,983,6468,4023,901,6198,4256,0,0,0,-82,-270,233,365.9,2407.5,0.369,0.541,1.591,-7.828,-36.594,13.594,344.6,1,0.9584,0.2375,-0.0658,0.1441,14.5,-11.2,0.0
187865,2026-08-30_09-12-11.867-240,v3.6.25,3.51,12.0,400,1145,6529,4079,569,6682,4256,983,6468,4023,908,6376,4103,0,0,0,-75,-92,80,143.1,941.7,0.470,0.454,1.739,6.344,-120.812,34.938,157.6,1,0.9573,0.2358,-0.0867,0.1429,13.8,-13.5,0.0
187896,2026-08-30_09-12-11.898-240,v3.6.25,3.51,12.0,400,1251,6283,4503,630,6164,4974,1092,6212,4447,1103,5874,4795,0,0,0,11,-338,348,485.3,3192.4,0.605,0.253,1.714,-4.156,-178.266,53.625,444.7,1,0.9556,0.2316,-0.1178,0.1389,12.7,-16.8,0.0
188229,2026-08-30_09-12-12.231-240,v3.6.25,3.51,12.0,400,1324,-3545,6532,189,-3615,6798,1245,-3689,6577,1189,-3812,6671,0,0,0,-56,-123,94,164.6,1083.1,0.943,0.316,-0.764,3.984,-120.562,33.016,175.6,1,0.9532,0.2299,-0.1403,0.1376,12.1,-19.3,0.0
188290,2026-08-30_09-12-12.292-240,v3.6.25,3.51,12.0,400,932,-5129,5470,20,-4800,6042,865,-5254,5540,917,-5002,5965,0,0,0,52,252,425,496.8,3268.6,0.516,0.058,-0.791,47.266,-29.938,-37.734,454.4,1,0.9493,0.2397,-0.1457,0.1422,12.3,-20.2,0.0
188340,2026-08-30_09-12-12.342-240,v3.6.25,3.51,12.0,400,932,-5129,5470,-33,-5320,5595,865,-5254,5540,799,-5526,5539,0,0,0,-66,-272,-1,279.9,1841.4,0.411,0.418,-0.513,-1.094,32.188,-3.766,272.3,1,0.9497,0.2399,-0.1410,0.1439,12.6,-19.7,0.0
188367,2026-08-30_09-12-12.369-240,v3.6.25,3.51,12.0,400,1033,-5167,5408,108,-5283,5672,966,-5292,5479,953,-5487,5590,0,0,0,-13,-195,111,224.8,1478.7,0.431,-0.204,-0.645,-13.109,68.219,-11.750,226.1,1,0.9513,0.2393,-0.1298,0.1448,13.0,-18.4,0.0
188406,2026-08-30_09-12-12.408-240,v3.6.25,3.51,12.0,400,1173,-4840,5720,108,-5283,5672,1104,-4971,5785,953,-5487,5590,0,0,0,-151,-516,-195,571.9,3762.6,0.570,-0.895,-0.576,38.844,108.281,-93.391,517.4,1,0.9494,0.2531,-0.1094,0.1503,13.9,-16.5,0.0
188440,2026-08-30_09-12-12.441-240,v3.6.25,3.51,12.0,400,1173,-4840,5720,305,-4766,6125,1104,-4971,5785,1216,-4965,5997,0,0,0,112,6,212,239.8,1577.9,0.781,-0.538,-0.318,86.594,136.078,-181.047,238.7,1,0.9426,0.2825,-0.0816,0.1583,15.1,-14.1,0.0
188470,2026-08-30_09-12-12.472-240,v3.6.25,3.51,12.0,400,1913,-4109,6047,305,-4766,6125,1841,-4253,6102,1216,-4965,5997,0,0,0,-625,-712,-105,953.2,6271.1,0.922,-0.405,-0.247,107.875,154.188,-252.922,837.4,1,0.9307,0.3229,-0.0477,0.1649,16.4,-11.3,0.0
189574,2026-08-30_09-12-13.575-240,v3.6.25,3.51,12.0,400,-6602,993,3810,-7155,1143,2139,-6744,1014,3820,-7064,794,3358,0,0,0,-320,-220,-462,603.5,3970.6,0.097,-3.292,-0.102,189.750,-16.031,-186.219,544.0,1,0.9131,0.3637,-0.0472,0.1779,17.3,-12.5,0.0
189808,2026-08-30_09-12-13.809-240,v3.6.25,3.51,12.0,400,7242,1688,2258,6072,1686,4193,7140,1570,2272,6518,1447,3120,0,0,0,-622,-123,848,1058.8,6966.0,0.415,3.040,0.366,-122.297,-41.875,138.891,926.1,1,0.9245,0.3373,-0.0570,0.1684,16.2,-12.6,0.0
189856,2026-08-30_09-12-13.858-240,v3.6.25,3.51,12.0,400,7242,1688,2258,6779,1664,3549,7140,1570,2272,7117,1420,2372,0,0,0,-23,-150,100,181.7,1195.7,0.479,1.371,-0.033,-185.141,-45.688,250.906,190.0,1,0.9414,0.2897,-0.0713,0.1574,15.2,-13.0,0.0
190736,2026-08-30_09-12-14.737-240,v3.6.25,3.51,12.0,400,1390,3580,6767,132,3349,7025,1254,3454,6727,1016,3107,6887,0,0,0,-238,-347,160,450.2,2961.6,0.371,1.374,0.552,-35.172,43.203,112.891,415.3,1,0.9466,0.2700,-0.0681,0.1624,16.1,-12.5,0.0
190762,2026-08-30_09-12-14.763-240,v3.6.25,3.51,12.0,400,1272,4006,6590,341,3965,6743,1132,3886,6546,1164,3716,6575,0,0,0,32,-170,29,175.4,1153.9,-0.011,1.018,0.303,-96.078,-1.812,212.969,184.7,1,0.9559,0.2322,-0.0755,0.1634,16.5,-12.7,0.0
190801,2026-08-30_09-12-14.803-240,v3.6.25,3.51,12.0,400,1272,4006,6590,341,3965,6743,1132,3886,6546,1164,3716,6575,0,0,0,32,-170,29,175.4,1153.9,0.234,-0.023,0.877,-129.703,-60.938,241.422,184.7,1,0.9648,0.1877,-0.0930,0.1589,16.3,-13.8,0.0
190860,2026-08-30_09-12-14.862-240,v3.6.25,3.51,12.0,400,212,3890,6779,-776,3853,6739,69,3780,6735,47,3597,6761,0,0,0,-22,-183,26,186.1,1224.6,0.515,0.383,0.685,-217.141,-90.734,260.984,193.7,1,0.9741,0.1346,-0.1146,0.1408,14.6,-15.1,0.0
191274,2026-08-30_09-12-15.275-240,v3.6.25,3.51,12.0,400,7087,-632,2900,6326,-1158,4434,7004,-768,2936,6877,-1371,3319,0,0,0,-127,-603,383,725.6,4773.4,0.408,4.000,-0.598,-191.000,-65.828,325.922,646.4,1,0.9794,0.0731,-0.1347,0.1318,14.4,-16.4,0.0
191325,2026-08-30_09-12-15.327-240,v3.6.25,3.51,12.0,400,6824,-1161,3625,6326,-1158,4434,6744,-1309,3663,6877,-1371,3319,0,0,0,133,-62,-344,374.0,2460.5,-2.419,1.769,-1.793,-512.000,-56.891,511.984,351.3,1,0.9833,-0.0393,-0.1572,0.0827,10.6,-17.6,0.0
191382,2026-08-30_09-12-15.384-240,v3.6.25,3.51,12.0,400,3858,-1714,6852,3165,-1866,7205,3773,-1890,6873,4200,-2050,6561,0,0,0,427,-160,-312,552.5,3635.0,-2.021,-1.854,-2.156,-512.000,-10.438,511.984,501.1,1,0.9730,-0.1529,-0.1697,0.0320,6.9,-18.7,0.0
191497,2026-08-30_09-12-15.498-240,v3.6.25,3.51,12.0,400,-6189,-2028,4242,-6767,-1965,2436,-6305,-2030,4284,-6556,-2284,3589,0,0,0,-251,-254,-695,781.4,5140.6,0.092,-2.013,-0.777,341.609,-27.703,-339.750,693.2,1,0.9803,-0.0778,-0.1681,0.0682,9.7,-18.6,0.0
192114,2026-08-30_09-12-16.115-240,v3.6.25,3.51,12.0,400,-1377,3959,6547,-2295,3968,6329,-1525,3873,6504,-1546,3696,6618,0,0,0,-21,-177,114,211.6,1392.0,0.705,0.234,0.787,46.641,-52.625,-65.312,215.0,1,0.9798,-0.0631,-0.1750,0.0732,10.1,-19.5,0.0
192140,2026-08-30_09-12-16.141-240,v3.6.25,3.51,12.0,400,-961,3801,6720,-2295,3968,6329,-1106,3706,6678,-1546,3696,6618,0,0,0,-440,-10,-60,444.2,2922.3,0.777,0.708,1.011,-8.547,-70.547,-23.312,410.2,1,0.9782,-0.0581,-0.1861,0.0717,10.0,-20.8,0.0
192170,2026-08-30_09-12-16.172-240,v3.6.25,3.51,12.0,400,-961,3801,6720,-1822,3636,6686,-1106,3706,6678,-1004,3375,6887,0,0,0,102,-331,209,404.5,2661.4,0.867,0.323,0.803,-58.391,-81.641,5.250,376.9,1,0.9758,-0.0605,-0.2000,0.0637,9.3,-22.5,0.0
192197,2026-08-30_09-12-16.199-240,v3.6.25,3.51,12.0,400,-746,3342,7006,-1822,3636,6686,-887,3237,6967,-1004,3375,6887,0,0,0,-117,138,-80,197.8,1301.5,0.834,-0.081,0.739,-88.375,-97.312,0.344,203.5,1,0.9728,-0.0641,-0.2167,0.0508,8.0,-24.5,0.0
192226,2026-08-30_09-12-16.228-240,v3.6.25,3.51,12.0,400,-1017,2613,7241,-1975,2956,6948,-1153,2504,7209,-1097,2702,7170,0,0,0,56,198,-39,209.4,1377.8,0.720,-0.128,0.335,-98.766,-113.359,-16.641,213.2,1,0.9688,-0.0654,-0.2362,0.0355,6.4,-26.9,0.0
192373,2026-08-30_09-12-16.375-240,v3.6.25,3.51,12.0,400,-429,466,7712,-1959,650,7574,-545,334,7702,-923,422,7784,0,0,0,-378,88,82,396.7,2609.7,0.347,-0.560,-0.592,342.109,-124.406,-429.281,370.4,1,0.9646,0.0233,-0.2523,0.0734,8.6,-29.3,0.0
192431,2026-08-30_09-12-16.433-240,v3.6.25,3.51,12.0,400,2117,-474,7188,518,-578,7709,2016,-630,7192,1607,-779,7498,0,0,0,-409,-149,306,532.1,3500.6,-0.032,0.963,-1.006,377.953,-70.828,-401.719,484.0,1,0.9529,0.1094,-0.2571,0.1180,11.4,-31.0,0.0
192547,2026-08-30_09-12-16.548-240,v3.6.25,3.51,12.0,400,6758,-1947,3416,6395,-1794,3653,6684,-2093,3464,6827,-2015,2546,0,0,0,143,78,-918,932.3,6133.8,-0.899,2.651,-1.388,-416.281,-25.047,511.984,819.9,1,0.9599,0.0073,-0.2711,0.0711,8.9,-31.4,0.0
192779,2026-08-30_09-12-16.780-240,v3.6.25,3.51,12.0,400,-4864,-1907,5846,-6036,-2068,4260,-4976,-1956,5875,-5511,-2354,5246,0,0,0,-535,-398,-629,916.7,6030.7,0.013,-0.641,-1.095,450.250,81.594,-446.266,806.8,1,0.9548,0.0999,-0.2492,0.1279,13.0,-30.1,0.0
192898,2026-08-30_09-12-16.900-240,v3.6.25,3.51,12.0,400,1689,-162,7408,-248,-541,7774,1584,-316,7407,850,-746,7691,0,0,0,-734,-430,284,896.8,5900.2,0.729,2.120,-0.160,-10.812,134.594,-18.641,790.1,1,0.9604,0.1006,-0.2259,0.1280,13.0,-27.4,0.0
192956,2026-08-30_09-12-16.958-240,v3.6.25,3.51,12.0,400,3320,861,6927,2116,623,7479,3212,699,6918,3141,419,7000,0,0,0,-71,-280,82,300.3,1975.5,0.877,0.219,0.419,-102.344,117.203,94.562,289.5,1,0.9679,0.0778,-0.2074,0.1184,12.5,-24.8,0.0
193131,2026-08-30_09-12-17.132-240,v3.6.25,3.51,12.0,400,1158,4150,6493,477,3580,6943,1016,4034,6448,1343,3337,6748,0,0,0,327,-697,300,826.3,5436.1,0.630,0.151,0.668,-107.938,98.422,82.172,730.9,1,0.9740,0.0566,-0.1916,0.1069,11.7,-22.7,0.0
193190,2026-08-30_09-12-17.192-240,v3.6.25,3.51,12.0,400,377,4734,6181,-75,4392,6465,228,4636,6132,690,4133,6374,0,0,0,462,-503,242,724.6,4767.0,0.420,-0.473,1.021,-49.609,33.734,48.578,645.5,1,0.9762,0.0449,-0.1861,0.1024,11.4,-21.9,0.0
193219,2026-08-30_09-12-17.220-240,v3.6.25,3.51,12.0,400,377,4734,6181,-812,4948,6002,228,4636,6132,-138,4673,6045,0,0,0,-366,37,-87,378.0,2486.9,0.262,-0.130,1.223,-30.625,-21.484,17.234,354.7,1,0.9761,0.0407,-0.1891,0.0988,11.0,-22.2,0.0
193248,2026-08-30_09-12-17.250-240,v3.6.25,3.51,12.0,400,-70,4921,6023,-812,4948,6002,-221,4832,5973,-138,4673,6045,0,0,0,83,-159,72,193.3,1271.5,0.277,0.142,1.218,-40.109,-74.953,17.781,199.7,1,0.9744,0.0370,-0.2013,0.0932,10.5,-23.5,0.0
193295,2026-08-30_09-12-17.296-240,v3.6.25,3.51,12.0,400,-221,4542,6359,-1071,4820,6106,-370,4447,6311,-377,4546,6191,0,0,0,-7,99,-120,155.7,1024.5,0.500,0.140,0.784,-68.188,-148.203,33.281,168.1,1,0.9700,0.0304,-0.2261,0.0833,9.5,-26.3,0.0
194264,2026-08-30_09-12-18.265-240,v3.6.25,3.51,12.0,400,304,4958,5964,-630,5251,5762,153,4866,5914,-4,4972,5780,0,0,0,-157,106,-134,232.0,1526.6,0.270,0.886,1.078,29.859,20.969,-20.203,232.2,1,0.9706,0.0356,-0.2213,0.0878,9.9,-25.8,0.0
194297,2026-08-30_09-12-18.299-240,v3.6.25,3.51,12.0,400,380,5321,5639,-630,5251,5762,226,5235,5587,-4,4972,5780,0,0,0,-230,-263,193,399.1,2626.0,0.402,0.643,1.060,-51.172,-18.719,72.203,372.4,1,0.9706,0.0219,-0.2248,0.0834,9.7,-26.1,0.0
194326,2026-08-30_09-12-18.327-240,v3.6.25,3.51,12.0,400,226,5274,5776,-469,5399,5693,72,5187,5723,142,5118,5685,0,0,0,70,-69,-38,105.4,693.3,0.757,-0.409,0.922,-59.281,-36.953,75.516,125.9,1,0.9697,0.0066,-0.2315,0.0779,9.5,-26.7,0.0
194376,2026-08-30_09-12-18.378-240,v3.6.25,3.51,12.0,400,226,5274,5776,-865,5188,5839,72,5187,5723,-224,4909,5895,0,0,0,-296,-278,172,441.0,2901.3,0.713,-0.208,0.795,-6.562,-45.891,3.938,407.6,1,0.9680,0.0061,-0.2384,0.0776,9.6,-27.5,0.0
194413,2026-08-30_09-12-18.415-240,v3.6.25,3.50,12.0,400,-25,5032,5946,-865,5188,5839,-177,4944,5895,-224,4909,5895,0,0,0,-47,-35,0,58.6,385.5,1.093,0.007,0.986,-12.547,-39.938,8.328,86.6,1,0.9667,0.0048,-0.2443,0.0764,9.5,-28.2,0.0
194442,2026-08-30_09-12-18.444-240,v3.6.25,3.50,12.0,400,-9,4802,6160,-928,4885,6082,-159,4709,6110,-239,4611,6143,0,0,0,-80,-98,33,130.7,860.1,1.287,-0.371,1.045,-16.000,-28.562,7.766,147.2,1,0.9658,0.0030,-0.2484,0.0747,9.4,-28.7,0.0
194475,2026-08-30_09-12-18.477-240,v3.6.25,3.50,12.0,400,-9,4802,6160,-928,4885,6082,-159,4709,6110,-239,4611,6143,0,0,0,-80,-98,33,130.7,860.1,0.742,-0.424,0.569,12.688,-24.156,-32.562,147.2,1,0.9649,0.0089,-0.2512,0.0761,9.4,-29.1,0.0
194503,2026-08-30_09-12-18.505-240,v3.6.25,3.50,12.0,400,2,4635,6294,-955,4703,6181,-147,4539,6245,-245,4432,6245,0,0,0,-98,-107,0,145.1,954.6,0.556,0.263,0.710,4.500,-35.953,-36.125,159.2,1,0.9636,0.0161,-0.2558,0.0756,9.1,-29.7,0.0
194531,2026-08-30_09-12-18.533-240,v3.6.25,3.50,12.0,400,2,4635,6294,-955,4703,6181,-147,4539,6245,-245,4432,6245,0,0,0,-98,-107,0,145.1,954.6,0.768,0.170,0.733,-14.141,-33.219,-26.703,159.2,1,0.9626,0.0207,-0.2601,0.0725,8.6,-30.2,0.0
194559,2026-08-30_09-12-18.561-240,v3.6.25,3.50,12.0,400,126,4447,6408,-862,4459,6454,-21,4347,6360,-100,4194,6496,0,0,0,-79,-153,136,219.4,1443.6,0.776,-0.065,0.545,-22.797,-28.969,-16.906,221.6,1,0.9619,0.0228,-0.2639,0.0684,8.0,-30.7,0.0
194587,2026-08-30_09-12-18.589-240,v3.6.25,3.50,12.0,400,137,4254,6552,-862,4459,6454,-8,4150,6506,-100,4194,6496,0,0,0,-92,44,-10,102.5,674.1,0.543,-0.418,0.335,-8.562,-25.422,-32.359,123.4,1,0.9610,0.0276,-0.2671,0.0662,7.5,-31.1,0.0
194635,2026-08-30_09-12-18.637-240,v3.6.25,3.50,12.0,400,137,4254,6552,-818,4242,6552,-8,4150,6506,-35,3981,6585,0,0,0,-27,-169,79,188.5,1240.1,0.869,-0.124,0.739,50.141,-10.109,-95.703,195.6,1,0.9601,0.0460,-0.2666,0.0711,7.5,-31.2,0.0
194666,2026-08-30_09-12-18.668-240,v3.6.25,3.50,12.0,400,439,4091,6638,-457,4070,6698,295,3981,6593,355,3814,6666,0,0,0,60,-167,73,191.9,1262.4,1.325,0.339,0.953,39.859,23.781,-77.047,198.5,1,0.9606,0.0607,-0.2605,0.0751,7.5,-30.6,0.0
194703,2026-08-30_09-12-18.705-240,v3.6.25,3.50,12.0,400,928,4188,6518,-457,4070,6698,785,4075,6473,355,3814,6666,0,0,0,-430,-261,193,538.8,3544.5,1.115,-0.586,0.660,53.391,70.297,-100.750,489.6,1,0.9626,0.0786,-0.2464,0.0811,7.7,-29.2,0.0
194741,2026-08-30_09-12-18.743-240,v3.6.25,3.50,12.0,400,928,4188,6518,45,4323,6510,785,4075,6473,820,4066,6397,0,0,0,35,-9,-76,84.2,553.6,0.649,-0.247,0.382,115.250,97.656,-185.484,108.1,1,0.9630,0.1130,-0.2261,0.0937,8.4,-27.2,0.0
194881,2026-08-30_09-12-18.883-240,v3.6.25,3.50,12.0,400,2349,5917,4508,1733,5720,5125,2196,5831,4457,2243,5442,4756,0,0,0,47,-389,299,492.9,3242.6,0.184,0.783,0.830,-166.578,114.641,168.703,451.1,1,0.9721,0.0756,-0.2084,0.0772,7.5,-24.6,0.0
195002,2026-08-30_09-12-18.003-240,v3.6.25,3.50,12.0,400,560,6813,3656,-252,7116,3338,394,6769,3600,-80,6788,3345,0,0,0,-474,19,-255,538.6,3543.3,0.267,-0.194,1.113,-27.828,19.547,24.078,489.4,1,0.9735,0.0698,-0.2044,0.0747,7.4,-24.1,0.0
195056,2026-08-30_09-12-18.058-240,v3.6.25,3.50,12.0,400,157,6967,3372,-252,7116,3338,-11,6933,3316,-80,6788,3345,0,0,0,-69,-145,29,163.2,1073.5,0.488,-0.161,1.660,-41.438,-19.984,28.062,174.4,1,0.9738,0.0632,-0.2072,0.0697,6.9,-24.4,0.0
195086,2026-08-30_09-12-19.087-240,v3.6.25,3.50,12.0,400,2,6960,3419,-441,7127,3327,-166,6927,3363,-271,6798,3367,0,0,0,-105,-129,4,166.4,1094.6,0.448,-0.748,1.754,-9.297,-43.406,-11.922,177.1,1,0.9724,0.0650,-0.2135,0.0677,6.6,-25.1,0.0
195116,2026-08-30_09-12-19.118-240,v3.6.25,3.50,12.0,400,-34,6859,3623,-441,7127,3327,-201,6823,3567,-271,6798,3367,0,0,0,-70,-25,-200,213.4,1403.7,0.351,-0.323,1.452,27.266,-63.203,-59.484,216.5,1,0.9695,0.0770,-0.2225,0.0689,6.4,-26.2,0.0
195158,2026-08-30_09-12-19.159-240,v3.6.25,3.50,12.0,400,-34,6859,3623,-472,7013,3618,-201,6823,3567,-250,6689,3656,0,0,0,-49,-134,89,168.2,1106.3,0.485,0.641,1.306,-2.984,-118.984,-16.359,178.6,1,0.9647,0.0814,-0.2413,0.0664,5.8,-28.5,0.0
195186,2026-08-30_09-12-19.189-240,v3.6.25,3.50,12.0,400,186,6569,4187,-343,6591,4357,21,6518,4130,14,6282,4357,0,0,0,-7,-236,227,327.5,2154.8,0.578,0.195,1.333,-37.891,-138.797,21.812,312.3,1,0.9596,0.0778,-0.2638,0.0597,4.9,-31.0,0.0
195751,2026-08-30_09-12-19.752-240,v3.6.25,3.50,12.0,400,1286,-3049,6829,68,-2626,7266,1203,-3197,6866,1126,-2823,7147,0,0,0,-77,374,281,474.1,3119.0,0.958,0.465,-0.340,-20.031,-109.109,53.531,435.3,1,0.9548,0.0699,-0.2832,0.0576,4.8,-33.3,0.0
195816,2026-08-30_09-12-19.818-240,v3.6.25,3.50,12.0,400,854,-3798,6486,4,-3460,6915,776,-3937,6534,1020,-3657,6817,0,0,0,244,280,283,466.9,3071.9,0.702,-0.292,-0.436,-15.109,-111.641,39.438,429.3,1,0.9493,0.0634,-0.3028,0.0562,4.8,-35.6,0.0
195844,2026-08-30_09-12-19.846-240,v3.6.25,3.50,12.0,400,854,-3798,6486,-477,-4248,6414,776,-3937,6534,471,-4451,6411,0,0,0,-305,-514,-123,610.2,4014.5,0.807,-0.211,-0.276,12.688,-103.844,6.703,549.6,1,0.9433,0.0632,-0.3206,0.0583,5.0,-37.7,0.0
195897,2026-08-30_09-12-19.899-240,v3.6.25,3.50,12.0,400,447,-4493,6040,-645,-4976,5848,373,-4620,6099,222,-5184,5888,0,0,0,-151,-564,-211,620.8,4084.3,0.448,0.240,-0.781,5.281,-56.234,6.359,558.5,1,0.9398,0.0633,-0.3306,0.0594,5.2,-39.0,0.0
195928,2026-08-30_09-12-19.931-240,v3.6.25,3.50,12.0,400,306,-5021,5619,-645,-4976,5848,236,-5140,5687,222,-5184,5888,0,0,0,-14,-44,201,206.2,1356.8,0.936,0.327,-0.855,-2.812,-11.328,10.328,210.5,1,0.9389,0.0620,-0.3332,0.0598,5.3,-39.3,0.0
195957,2026-08-30_09-12-19.959-240,v3.6.25,3.50,12.0,400,206,-5175,5538,-724,-5317,5551,136,-5292,5608,100,-5528,5613,0,0,0,-36,-236,5,238.8,1570.9,1.707,-0.160,-0.203,-3.812,46.312,3.562,237.8,1,0.9416,0.0601,-0.3258,0.0607,5.5,-38.4,0.0
195998,2026-08-30_09-12-19.001-240,v3.6.25,3.50,12.0,400,206,-5175,5538,-771,-5010,5888,136,-5292,5608,103,-5218,5949,0,0,0,-33,74,341,350.5,2305.9,0.908,0.131,-0.428,0.703,129.531,-5.828,331.6,1,0.9484,0.0600,-0.3050,0.0626,5.8,-35.9,0.0
196046,2026-08-30_09-12-19.047-240,v3.6.25,3.50,12.0,400,287,-4740,5948,-771,-5010,5888,214,-4864,6010,103,-5218,5949,0,0,0,-111,-354,-61,376.0,2473.5,0.820,0.027,-0.793,-14.109,203.781,0.453,353.0,1,0.9586,0.0573,-0.2718,0.0631,6.1,-31.9,0.0
196107,2026-08-30_09-12-20.109-240,v3.6.25,3.50,12.0,400,401,-3664,6704,-724,-3922,6702,320,-3801,6749,265,-4124,6733,0,0,0,-55,-323,-16,328.0,2158.2,0.898,-0.235,-0.325,15.875,277.547,-67.703,312.8,1,0.9699,0.0659,-0.2248,0.0664,6.4,-26.4,0.0
196396,2026-08-30_09-12-20.397-240,v3.6.25,3.50,12.0,400,888,6476,4189,265,6364,4558,726,6416,4133,662,6064,4450,0,0,0,-64,-352,317,478.0,3144.8,0.291,0.266,2.166,-2.625,-22.766,14.250,438.6,1,0.9693,0.0639,-0.2279,0.0670,6.5,-26.8,0.0
196426,2026-08-30_09-12-20.428-240,v3.6.25,3.50,12.0,400,881,6461,4279,284,6662,4210,719,6399,4223,615,6354,4107,0,0,0,-104,-45,-116,162.2,1066.9,0.319,0.291,2.149,-3.875,-92.438,18.188,173.5,1,0.9658,0.0620,-0.2428,0.0668,6.5,-28.5,0.0
196473,2026-08-30_09-12-20.475-240,v3.6.25,3.50,12.0,400,881,6461,4279,301,6211,4938,719,6399,4223,766,5918,4815,0,0,0,47,-481,592,764.2,5027.8,0.474,0.132,1.558,-23.469,-196.672,41.328,678.8,1,0.9576,0.0564,-0.2754,0.0633,6.1,-32.3,0.0
196630,2026-08-30_09-12-20.631-240,v3.6.25,3.50,12.0,400,1258,2675,7273,118,2795,7391,1129,2538,7240,1077,2562,7248,0,0,0,-52,24,8,57.8,380.4,0.758,0.047,-0.146,-53.406,-307.766,53.359,86.0,1,0.9420,0.0486,-0.3276,0.0540,5.1,-38.5,0.0
196864,2026-08-30_09-12-20.865-240,v3.6.25,3.50,12.0,400,495,-5157,5523,-649,-5076,5767,426,-5277,5593,206,-5284,5810,0,0,0,-220,-7,217,309.1,2033.5,-0.055,0.839,-0.597,-12.281,-10.156,1.906,296.9,1,0.9414,0.0489,-0.3297,0.0523,4.9,-38.7,0.0
196892,2026-08-30_09-12-20.894-240,v3.6.25,3.50,12.0,400,495,-5157,5523,-373,-5396,5529,426,-5277,5593,449,-5604,5532,0,0,0,23,-327,-61,333.4,2193.7,0.274,0.549,-0.213,-46.562,22.891,45.734,317.3,1,0.9432,0.0404,-0.3265,0.0464,4.5,-38.3,0.0
196920,2026-08-30_09-12-20.922-240,v3.6.25,3.50,12.0,400,548,-5241,5444,-373,-5396,5529,480,-5361,5516,449,-5604,5532,0,0,0,-31,-243,16,245.5,1615.1,0.467,-0.045,-0.482,-49.922,66.672,43.000,243.5,1,0.9472,0.0310,-0.3165,0.0405,4.1,-37.0,0.0
196947,2026-08-30_09-12-20.949-240,v3.6.25,3.50,12.0,400,548,-5241,5444,-559,-5245,5676,480,-5361,5516,285,-5453,5707,0,0,0,-195,-92,191,288.0,1895.0,0.726,-0.139,-0.367,-38.938,107.766,23.016,279.2,1,0.9531,0.0248,-0.2995,0.0360,3.8,-34.9,0.0
196996,2026-08-30_09-12-20.998-240,v3.6.25,3.50,12.0,400,348,-4918,5783,-672,-4549,6295,277,-5041,5849,262,-4753,6328,0,0,0,-15,288,479,559.1,3678.4,0.908,-0.295,-0.548,6.188,180.609,-31.641,506.7,1,0.9618,0.0291,-0.2697,0.0374,3.8,-31.4,0.0
197154,2026-08-30_09-12-21.155-240,v3.6.25,3.50,12.0,400,1089,-599,7608,-163,-938,7706,986,-751,7611,932,-1141,7612,0,0,0,-54,-390,1,393.7,2590.3,0.819,-0.005,-0.039,-2.188,311.266,0.062,367.9,1,0.9749,0.0270,-0.2175,0.0395,4.1,-25.2,0.0
197413,2026-08-30_09-12-21.414-240,v3.6.25,3.50,12.0,400,550,6991,3262,56,7238,3158,382,6955,3207,194,6908,3117,0,0,0,-188,-47,-90,213.7,1405.7,0.341,0.060,2.103,-4.406,-55.719,3.500,216.8,1,0.9730,0.0268,-0.2261,0.0393,4.1,-26.2,0.0
197447,2026-08-30_09-12-21.449-240,v3.6.25,3.50,12.0,400,424,7003,3287,56,7238,3158,256,6968,3231,194,6908,3117,0,0,0,-62,-60,-114,143.0,940.6,0.392,0.366,2.179,-1.844,-130.609,22.250,157.4,1,0.9678,0.0242,-0.2474,0.0401,4.3,-28.7,0.0
197625,2026-08-30_09-12-21.626-240,v3.6.25,3.50,12.0,400,1117,4121,6638,115,4463,6596,975,4003,6593,901,4207,6469,0,0,0,-74,204,-124,249.9,1644.3,0.515,0.016,0.385,1.031,-324.859,43.375,247.2,1,0.9525,0.0194,-0.3012,0.0415,4.7,-35.1,0.0
197968,2026-08-30_09-12-21.969-240,v3.6.25,3.50,12.0,400,-167,-6868,3141,-752,-6837,3385,-223,-6940,3247,-263,-7072,3507,0,0,0,-40,-132,260,294.3,1936.3,0.376,0.949,-0.952,0.594,12.094,2.375,284.5,1,0.9529,0.0196,-0.2998,0.0423,4.8,-35.0,0.0
197996,2026-08-30_09-12-21.998-240,v3.6.25,3.50,12.0,400,-167,-6868,3141,-700,-6994,3112,-223,-6940,3247,-254,-7231,3232,0,0,0,-31,-291,-15,293.0,1927.8,0.709,0.237,-0.296,-33.797,56.891,20.328,283.4,1,0.9558,0.0149,-0.2912,0.0380,4.4,-33.9,0.0
198044,2026-08-30_09-12-21.046-240,v3.6.25,3.50,12.0,400,-133,-6879,3173,-691,-6777,3623,-189,-6952,3279,-163,-7008,3728,0,0,0,26,-56,449,453.2,2981.7,0.722,-0.383,-1.171,7.656,147.281,-32.266,417.8,1,0.9627,0.0197,-0.2670,0.0392,4.3,-31.0,0.0
198087,2026-08-30_09-12-22.089-240,v3.6.25,3.50,12.0,400,5,-6549,3865,-691,-6777,3623,-53,-6636,3963,-163,-7008,3728,0,0,0,-110,-372,-235,453.6,2983.9,0.622,0.036,-0.953,28.844,208.125,-67.609,418.1,1,0.9713,0.0312,-0.2321,0.0424,4.4,-27.0,0.0
198152,2026-08-30_09-12-22.154-240,v3.6.25,3.50,12.0,400,523,-5704,5026,-428,-6037,4879,459,-5817,5106,298,-6251,4908,0,0,0,-161,-434,-198,503.5,3312.3,0.868,0.366,-0.658,-44.781,274.750,-36.516,460.0,1,0.9814,0.0336,-0.1857,0.0352,3.5,-21.5,0.0
198205,2026-08-30_09-12-22.207-240,v3.6.25,3.50,12.0,400,1165,-4274,6245,80,-4593,6343,1091,-4413,6300,1024,-4791,6248,0,0,0,-67,-378,-52,387.4,2548.7,0.823,0.462,-0.420,-72.859,306.438,10.641,362.6,1,0.9903,0.0265,-0.1337,0.0262,2.7,-15.4,0.0
198551,2026-08-30_09-12-22.552-240,v3.6.25,3.50,12.0,400,821,6689,3842,292,6686,4141,657,6637,3786,610,6377,4038,0,0,0,-47,-260,252,365.1,2402.1,0.515,0.228,2.174,10.359,8.391,-3.172,343.9,1,0.9906,0.0280,-0.1312,0.0283,2.9,-15.2,0.0
198577,2026-08-30_09-12-22.578-240,v3.6.25,3.50,12.0,400,823,6751,3706,321,6962,3755,658,6702,3650,568,6645,3656,0,0,0,-90,-57,6,106.7,702.0,0.337,0.312,2.080,8.312,-43.578,-9.062,127.0,1,0.9896,0.0306,-0.1376,0.0294,3.0,-15.9,0.0
198626,2026-08-30_09-12-22.628-240,v3.6.25,3.50,12.0,400,823,6751,3706,386,6746,4162,658,6702,3650,707,6437,4042,0,0,0,49,-265,392,475.7,3129.6,0.412,0.467,1.719,-10.328,-135.172,20.828,436.7,1,0.9863,0.0278,-0.1600,0.0289,2.9,-18.5,0.0
198671,2026-08-30_09-12-22.673-240,v3.6.25,3.50,12.0,400,963,6505,4214,386,6746,4162,801,6444,4158,707,6437,4042,0,0,0,-94,-7,-116,149.5,983.3,0.400,0.249,1.374,-26.750,-204.703,42.109,162.9,1,0.9804,0.0207,-0.1943,0.0267,2.8,-22.5,0.0
198731,2026-08-30_09-12-22.733-240,v3.6.25,3.50,12.0,400,1070,5740,5296,335,5918,5290,915,5654,5241,867,5632,5154,0,0,0,-48,-22,-87,101.8,669.5,0.545,0.017,0.901,-28.141,-261.891,36.984,122.9,1,0.9708,0.0144,-0.2381,0.0239,2.6,-27.6,0.0
199095,2026-08-30_09-12-23.096-240,v3.6.25,3.50,12.0,400,230,-5634,5014,-606,-6012,4715,164,-5743,5093,91,-6230,4778,0,0,0,-73,-487,-315,584.6,3845.9,0.278,0.329,-0.680,-23.906,-35.734,3.328,528.0,1,0.9692,0.0134,-0.2449,0.0205,2.2,-28.4,0.0
199140,2026-08-30_09-12-23.142-240,v3.6.25,3.50,12.0,400,219,-5965,4618,-606,-6012,4715,156,-6067,4704,91,-6230,4778,0,0,0,-65,-163,74,190.4,1252.9,0.317,0.077,-0.730,-31.344,11.828,11.547,197.3,1,0.9697,0.0103,-0.2437,0.0165,1.8,-28.2,0.0
199171,2026-08-30_09-12-23.173-240,v3.6.25,3.50,12.0,400,187,-6020,4587,-628,-6162,4612,124,-6121,4674,55,-6381,4682,0,0,0,-69,-260,8,269.1,1770.5,0.423,0.111,-0.755,-28.859,49.078,7.391,263.3,1,0.9716,0.0078,-0.2362,0.0127,1.4,-27.3,0.0
199201,2026-08-30_09-12-23.202-240,v3.6.25,3.50,12.0,400,187,-6020,4587,-628,-6162,4612,124,-6121,4674,55,-6381,4682,0,0,0,-69,-260,8,269.1,1770.5,0.581,0.193,-0.851,-15.969,84.594,3.609,263.3,1,0.9748,0.0066,-0.2226,0.0109,1.2,-25.7,0.0
199230,2026-08-30_09-12-23.232-240,v3.6.25,3.50,12.0,400,239,-5751,4931,-599,-5923,4932,174,-5859,5012,133,-6138,4989,0,0,0,-41,-279,-23,282.9,1861.4,0.551,-0.097,-0.973,0.109,121.828,-5.938,274.9,1,0.9792,0.0076,-0.2026,0.0114,1.2,-23.4,0.0
199258,2026-08-30_09-12-23.259-240,v3.6.25,3.50,12.0,400,403,-5145,5578,-599,-5923,4932,334,-5265,5648,133,-6138,4989,0,0,0,-201,-873,-659,1112.1,7316.6,0.580,-0.045,-0.592,14.969,142.969,-13.891,970.8,1,0.9837,0.0107,-0.1789,0.0140,1.5,-20.6,0.0
199307,2026-08-30_09-12-23.309-240,v3.6.25,3.50,12.0,400,403,-5145,5578,-572,-5277,5711,334,-5265,5648,278,-5484,5743,0,0,0,-56,-219,95,245.2,1613.1,0.885,-0.041,-0.595,24.719,179.797,3.516,243.2,1,0.9886,0.0113,-0.1488,0.0192,2.1,-17.1,0.0
199569,2026-08-30_09-12-23.570-240,v3.6.25,3.50,12.0,400,1381,581,7580,290,750,7768,1269,429,7569,1359,538,7592,0,0,0,90,109,23,143.2,942.2,1.141,0.361,0.630,-23.297,25.422,25.578,157.6,1,0.9894,0.0067,-0.1438,0.0177,2.0,-16.5,0.0
199607,2026-08-30_09-12-23.609-240,v3.6.25,3.50,12.0,400,1519,977,7535,290,750,7768,1404,826,7520,1359,538,7592,0,0,0,-45,-288,72,300.3,1975.4,1.207,-0.172,0.574,-18.219,-3.438,15.219,289.4,1,0.9895,0.0030,-0.1434,0.0166,1.9,-16.5,0.0
199636,2026-08-30_09-12-23.637-240,v3.6.25,3.50,12.0,400,1335,1041,7560,152,948,7764,1219,892,7544,1216,734,7611,0,0,0,-3,-158,67,171.6,1129.2,1.251,-0.109,0.504,2.547,-13.297,-14.062,181.5,1,0.9893,0.0057,-0.1446,0.0169,1.9,-16.6,0.0
199676,2026-08-30_09-12-23.678-240,v3.6.25,3.50,12.0,400,1335,1041,7560,151,857,7745,1219,892,7544,1213,643,7592,0,0,0,-6,-249,48,253.7,1668.8,1.247,0.162,0.417,3.750,-22.031,-22.406,250.3,1,0.9888,0.0108,-0.1478,0.0167,1.8,-17.0,0.0
199719,2026-08-30_09-12-23.720-240,v3.6.25,3.50,12.0,400,1423,922,7561,151,857,7745,1308,771,7547,1213,643,7592,0,0,0,-95,-128,45,165.6,1089.7,1.206,0.146,0.330,-6.828,-26.562,-13.406,176.5,1,0.9882,0.0139,-0.1521,0.0153,1.6,-17.5,0.0
199747,2026-08-30_09-12-23.749-240,v3.6.25,3.50,12.0,400,1535,730,7539,285,625,7797,1422,578,7527,1361,415,7621,0,0,0,-61,-163,94,197.8,1301.3,1.190,0.006,0.308,-5.250,-25.609,-16.688,203.5,1,0.9875,0.0175,-0.1560,0.0143,1.4,-18.0,0.0
199795,2026-08-30_09-12-23.796-240,v3.6.25,3.50,12.0,400,1605,556,7535,417,420,7768,1494,402,7525,1493,211,7571,0,0,0,-1,-191,46,196.5,1292.5,1.162,-0.338,0.239,29.906,-21.266,-61.578,202.3,1,0.9867,0.0288,-0.1595,0.0162,1.4,-18.4,0.0
199840,2026-08-30_09-12-23.842-240,v3.6.25,3.50,12.0,400,2160,409,7373,417,420,7768,2052,251,7366,1493,211,7571,0,0,0,-559,-40,205,596.7,3926.0,1.107,-0.644,0.165,97.188,-14.547,-142.359,538.3,1,0.9849,0.0574,-0.1616,0.0240,1.7,-18.7,0.0
199885,2026-08-30_09-12-23.887-240,v3.6.25,3.50,12.0,400,2160,409,7373,1034,259,7720,2052,251,7366,2107,54,7420,0,0,0,55,-197,54,211.5,1391.7,0.578,-1.562,-0.150,277.312,-3.984,-364.156,215.0,1,0.9769,0.1328,-0.1606,0.0474,3.0,-19.0,0.0
200094,2026-08-30_09-12-24.095-240,v3.6.25,3.50,12.0,400,7099,552,-3010,7645,574,-897,7005,533,-2946,7250,272,-2111,0,0,0,245,-261,835,908.5,5977.0,-0.085,0.874,-0.425,-194.984,-16.406,273.312,799.9,1,0.9826,0.0779,-0.1652,0.0331,2.4,-19.3,0.0
200250,2026-08-30_09-12-24.251-240,v3.6.25,3.50,12.0,400,7002,370,3886,6815,300,4265,6910,219,3904,7305,76,3068,0,0,0,395,-143,-836,935.6,6155.3,-2.070,0.015,-1.365,-512.000,45.312,511.984,822.7,1,0.9866,-0.0358,-0.1583,-0.0174,358.6,-18.3,0.0
200667,2026-08-30_09-12-24.668-240,v3.6.25,3.50,12.0,400,7486,1606,-1132,7567,1530,1294,7385,1550,-1093,7524,1256,38,0,0,0,139,-294,1131,1176.8,7742.3,0.021,1.264,-0.143,-237.688,-59.172,323.281,1025.1,1,0.9800,-0.1020,-0.1671,-0.0346,357.9,-19.5,0.0
200774,2026-08-30_09-12-24.775-240,v3.6.25,3.50,12.0,400,7245,1192,2612,6878,1217,3639,7147,1065,2629,7241,978,2444,0,0,0,94,-87,-185,225.0,1480.3,-0.259,4.000,-0.741,-351.234,-51.141,456.422,226.3,1,0.9633,-0.1956,-0.1730,-0.0622,356.8,-21.0,0.0
200832,2026-08-30_09-12-24.834-240,v3.6.25,3.50,12.0,400,6629,959,4355,6080,925,5129,6531,806,4363,6703,706,4034,0,0,0,172,-100,-329,384.5,2529.5,-1.392,0.142,-1.577,-512.000,-7.938,511.984,360.1,1,0.9298,-0.3051,-0.1725,-0.1126,353.5,-22.9,0.0
201588,2026-08-30_09-12-25.589-240,v3.6.25,3.50,12.0,400,-3332,436,6912,-4267,482,6340,-3458,355,6907,-3441,222,6970,0,0,0,17,-133,63,148.1,974.6,0.818,-0.978,0.200,51.812,-17.328,-56.953,161.8,1,0.9337,-0.2939,-0.1750,-0.1057,354.1,-22.9,0.0
201616,2026-08-30_09-12-25.618-240,v3.6.25,3.50,12.0,400,-3332,436,6912,-4280,392,6426,-3458,355,6907,-3437,134,7057,0,0,0,21,-221,150,267.9,1762.6,0.862,-1.165,0.094,97.844,-23.547,-94.703,262.3,1,0.9402,-0.2746,-0.1788,-0.0935,355.2,-22.8,0.0
201645,2026-08-30_09-12-25.647-240,v3.6.25,3.50,12.0,400,-2933,382,7155,-4280,392,6426,-3057,291,7149,-3437,134,7057,0,0,0,-380,-157,-92,421.3,2771.9,0.828,-1.125,-0.006,175.125,-27.594,-160.906,391.0,1,0.9505,-0.2404,-0.1831,-0.0725,356.9,-22.5,0.0
201821,2026-08-30_09-12-25.823-240,v3.6.25,3.50,12.0,400,2896,391,6991,1152,236,7639,2791,231,6987,2211,31,7321,0,0,0,-580,-200,334,698.5,4595.6,0.809,3.172,0.103,-57.969,5.250,95.500,623.7,1,0.9461,-0.2576,-0.1810,-0.0761,356.9,-22.4,0.0
201878,2026-08-30_09-12-25.880-240,v3.6.25,3.50,12.0,400,4056,447,6586,3019,340,7236,3954,281,6584,4010,139,6611,0,0,0,56,-142,27,155.0,1019.8,0.709,-0.178,0.080,-225.062,-9.000,253.953,167.5,1,0.9287,-0.3089,-0.1810,-0.0963,355.8,-23.3,0.0
201993,2026-08-30_09-12-25.994-240,v3.6.25,3.50,12.0,400,248,214,7709,-446,147,7788,135,72,7702,639,-64,7737,0,0,0,504,-136,35,523.2,3442.1,0.906,1.078,-0.227,-216.016,6.203,188.641,476.5,1,0.9120,-0.3485,-0.1803,-0.1197,354.2,-24.4,0.0
202190,2026-08-30_09-12-26.191-240,v3.6.25,3.50,12.0,400,-6237,198,4322,-6648,336,3855,-6371,202,4337,-6246,23,4949,0,0,0,125,-179,612,649.8,4274.8,0.004,-1.329,-0.181,239.453,-22.094,-289.953,582.8,1,0.9331,-0.2918,-0.1870,-0.0958,355.6,-23.9,0.0
202462,2026-08-30_09-12-26.463-240,v3.6.25,3.50,12.0,400,4017,1042,6560,2229,656,7397,3910,879,6551,3239,451,6901,0,0,0,-671,-428,350,869.4,5720.0,0.902,2.139,0.106,-63.312,24.859,68.203,767.1,1,0.9292,-0.3044,-0.1826,-0.1028,355.0,-23.7,0.0
202511,2026-08-30_09-12-26.513-240,v3.6.25,3.50,12.0,400,4017,1042,6560,2865,907,7245,3910,879,6551,3845,702,6644,0,0,0,-65,-177,93,210.2,1383.2,0.517,1.045,0.063,-255.906,24.781,325.094,213.9,1,0.9053,-0.3666,-0.1739,-0.1258,353.7,-24.0,0.0
202755,2026-08-30_09-12-26.756-240,v3.6.25,3.50,12.0,400,-4720,1180,5932,-5582,1355,5032,-4857,1137,5925,-5000,1060,5915,0,0,0,-143,-77,-10,162.7,1070.5,0.710,0.209,0.152,-100.984,-9.234,68.781,174.0,1,0.8971,-0.3815,-0.1761,-0.1365,353.0,-24.8,0.0
202785,2026-08-30_09-12-26.787-240,v3.6.25,3.50,12.0,400,-4948,935,5653,-5625,1112,4970,-5084,900,5651,-5049,817,5862,0,0,0,35,-83,211,229.4,1509.4,0.642,-0.091,-0.016,-172.516,-8.469,167.234,230.0,1,0.8796,-0.4145,-0.1761,-0.1530,352.1,-25.9,0.0
202881,2026-08-30_09-12-26.883-240,v3.6.25,3.50,12.0,400,-6245,678,4441,-6820,838,3283,-6383,681,4450,-6527,511,4418,0,0,0,-144,-170,-32,225.1,1480.8,0.401,-2.768,-0.205,153.531,-15.500,-214.125,226.3,1,0.8979,-0.3756,-0.1829,-0.1388,352.9,-25.6,0.0
202931,2026-08-30_09-12-26.933-240,v3.6.25,3.50,12.0,400,-6245,678,4441,-6820,838,3283,-6383,681,4450,-6527,511,4418,0,0,0,-144,-170,-32,225.1,1480.8,0.211,-1.055,-0.365,306.766,-16.172,-380.281,226.3,1,0.9274,-0.3022,-0.1913,-0.1095,354.5,-24.9,0.0
203188,2026-08-30_09-12-27.189-240,v3.6.25,3.50,12.0,400,5332,1240,5440,4333,1161,6483,5228,1083,5437,5179,951,5651,0,0,0,-49,-132,214,256.2,1685.3,0.217,2.388,-0.022,-292.547,5.594,351.859,252.4,1,0.8999,-0.3704,-0.1854,-0.1363,353.1,-25.8,0.0
203401,2026-08-30_09-12-27.402-240,v3.6.25,3.50,12.0,400,-4998,1239,5448,-6229,1174,4186,-5136,1209,5444,-5789,863,5199,0,0,0,-653,-346,-245,778.6,5122.1,0.597,-1.096,0.112,-9.766,-13.500,-44.328,690.8,1,0.9010,-0.3648,-0.1895,-0.1382,352.9,-26.3,0.0
203456,2026-08-30_09-12-27.458-240,v3.6.25,3.50,12.0,400,-5460,817,5274,-6229,1174,4186,-5597,795,5276,-5789,863,5199,0,0,0,-192,68,-77,217.8,1432.6,0.727,-0.392,0.117,-32.000,-12.828,7.047,220.2,1,0.8992,-0.3669,-0.1918,-0.1414,352.7,-26.7,0.0
203506,2026-08-30_09-12-27.508-240,v3.6.25,3.50,12.0,400,-5460,817,5274,-6184,916,4307,-5597,795,5276,-5717,609,5310,0,0,0,-120,-186,34,223.9,1473.3,0.721,-0.714,-0.033,-79.641,-11.719,90.750,225.4,1,0.8906,-0.3851,-0.1916,-0.1475,352.6,-27.1,0.0
203535,2026-08-30_09-12-27.536-240,v3.6.25,3.50,12.0,400,-5693,700,4948,-6408,818,3823,-5829,687,4953,-6022,503,4876,0,0,0,-193,-184,-77,277.5,1826.0,0.798,-1.170,0.070,-62.391,-10.922,72.781,270.4,1,0.8835,-0.3998,-0.1912,-0.1517,352.6,-27.3,0.0
203575,2026-08-30_09-12-27.577-240,v3.6.25,3.50,12.0,400,-6081,643,4503,-6408,818,3823,-6218,643,4512,-6022,503,4876,0,0,0,196,-140,364,436.5,2871.6,0.639,-2.108,0.155,31.906,-8.969,-55.984,403.8,1,0.8878,-0.3905,-0.1936,-0.1481,352.8,-27.4,0.0
203608,2026-08-30_09-12-27.609-240,v3.6.25,3.50,12.0,400,-6081,643,4503,-6695,818,3464,-6218,643,4512,-6370,495,4574,0,0,0,-152,-148,62,221.0,1454.1,0.428,-2.090,-0.231,181.078,-9.891,-247.422,222.9,1,0.9078,-0.3446,-0.2000,-0.1310,353.6,-27.0,0.0
203924,2026-08-30_09-12-27.925-240,v3.6.25,3.50,12.0,400,7157,1254,2494,6521,1191,3875,7058,1131,2511,6925,953,2735,0,0,0,-133,-178,224,315.5,2075.7,0.170,3.134,-0.197,-207.109,-18.953,277.203,302.2,1,0.8843,-0.3966,-0.1973,-0.1474,353.2,-27.8,0.0
203952,2026-08-30_09-12-27.954-240,v3.6.25,3.50,12.0,400,7101,1166,3089,6593,1130,4206,7003,1032,3103,7055,898,3046,0,0,0,52,-134,-57,154.6,1017.3,-0.074,2.071,-0.331,-332.844,-14.344,440.266,167.2,1,0.8407,-0.4765,-0.1894,-0.1743,352.6,-29.0,0.0
204236,2026-08-30_09-12-28.237-240,v3.6.25,3.50,12.0,400,-6042,756,4521,-6651,866,3503,-6180,756,4528,-6321,544,4604,0,0,0,-141,-212,76,265.7,1748.1,0.704,-1.743,0.219,86.234,-9.016,-128.062,260.4,1,0.8536,-0.4544,-0.1934,-0.1658,353.0,-28.7,0.0
204271,2026-08-30_09-12-28.273-240,v3.6.25,3.50,12.0,400,-5931,672,4871,-6651,866,3503,-6068,663,4877,-6321,544,4604,0,0,0,-253,-119,-273,390.8,2570.8,0.423,-2.172,-0.030,194.656,-7.312,-260.219,365.4,1,0.8788,-0.4076,-0.1997,-0.1474,353.7,-28.1,0.0
204854,2026-08-30_09-12-28.855-240,v3.6.25,3.53,12.0,400,-5853,685,4886,-6507,916,3729,-5990,675,4892,-6139,598,4801,0,0,0,-149,-77,-91,190.8,1255.4,0.928,-1.358,0.295,58.203,-2.406,-120.500,197.6,1,0.8881,-0.3868,-0.2030,-0.1430,353.7,-28.1,0.0
204891,2026-08-30_09-12-28.893-240,v3.6.25,3.53,12.0,400,-5348,510,5581,-6198,626,4442,-5482,480,5584,-5702,323,5445,0,0,0,-220,-157,-139,303.9,1999.5,0.625,-2.144,-0.002,165.406,5.172,-232.656,292.5,1,0.9071,-0.3436,-0.2066,-0.1281,354.2,-27.6,0.0
205447,2026-08-30_09-12-29.448-240,v3.6.25,3.53,12.0,400,-5754,684,4962,-6479,837,3915,-5890,671,4967,-6078,523,4978,0,0,0,-188,-148,11,239.5,1575.8,0.715,-1.307,0.198,10.250,-16.406,-34.344,238.5,1,0.9085,-0.3386,-0.2097,-0.1263,354.3,-27.8,0.0
205496,2026-08-30_09-12-29.498-240,v3.6.25,3.53,12.0,400,-5754,684,4962,-6479,837,3915,-5890,671,4967,-6078,523,4978,0,0,0,-188,-148,11,239.5,1575.8,0.789,-2.208,0.073,128.516,-7.703,-177.359,238.5,1,0.9210,-0.3054,-0.2137,-0.1133,354.9,-27.6,0.0
205524,2026-08-30_09-12-29.525-240,v3.6.25,3.53,12.0,400,-5396,619,5510,-6202,717,4582,-5531,591,5512,-5684,416,5582,0,0,0,-153,-175,70,242.8,1597.1,0.130,-2.759,-0.323,265.531,-2.359,-364.391,241.2,1,0.9428,-0.2351,-0.2194,-0.0878,356.0,-27.1,0.0
206020,2026-08-30_09-12-29.022-240,v3.6.25,3.53,12.0,400,-5286,939,4913,-5747,1019,4300,-5423,922,4916,-5283,714,5229,0,0,0,140,-208,313,401.0,2638.4,-0.108,-2.381,-0.486,-232.578,-18.938,267.516,374.0,1,0.9250,-0.2901,-0.2193,-0.1105,355.0,-28.0,0.0
206077,2026-08-30_09-12-29.078-240,v3.6.25,3.53,12.0,400,-7415,762,1421,-7320,1151,865,-7558,838,1450,-7447,781,2142,0,0,0,111,-57,692,703.2,4626.1,0.273,-3.288,-0.261,75.000,-21.000,-159.656,627.6,1,0.9323,-0.2621,-0.2264,-0.1045,355.0,-28.5,0.0
206126,2026-08-30_09-12-30.128-240,v3.6.25,3.53,12.0,400,-7415,762,1421,-7430,1037,281,-7558,838,1450,-7654,658,1591,0,0,0,-96,-180,141,248.0,1631.5,-0.559,-2.076,-0.460,300.875,-22.250,-437.656,245.6,1,0.9522,-0.1779,-0.2366,-0.0749,356.2,-28.5,0.0
206487,2026-08-30_09-12-30.488-240,v3.6.25,3.53,12.0,400,7623,999,-470,7673,1047,502,7528,926,-428,7506,764,-751,0,0,0,-22,-162,-323,362.0,2381.7,-1.763,1.425,-1.323,-512.000,4.844,511.984,341.3,1,0.9211,-0.2837,-0.2312,-0.1328,352.5,-30.1,0.0
206547,2026-08-30_09-12-30.549-240,v3.6.25,3.53,12.0,400,6940,982,4052,6633,918,4762,6843,831,4062,7194,697,3582,0,0,0,351,-134,-480,609.6,4010.2,-1.116,-0.027,-0.916,-512.000,16.750,511.984,549.0,1,0.8758,-0.3854,-0.2202,-0.1894,349.0,-32.1,0.0
206776,2026-08-30_09-12-30.777-240,v3.6.25,3.53,12.0,400,-6646,559,3852,-7142,914,2173,-6785,578,3866,-7040,568,3389,0,0,0,-255,-10,-477,541.0,3559.0,0.177,-1.849,0.017,189.859,-0.797,-329.688,491.5,1,0.8995,-0.3271,-0.2318,-0.1736,349.1,-32.0,0.0
207016,2026-08-30_09-12-30.017-240,v3.6.25,3.53,12.0,400,1566,293,7529,-28,437,7806,1457,139,7522,1054,226,7683,0,0,0,-403,87,161,442.6,2911.9,0.932,0.903,0.178,-128.359,43.781,198.203,408.9,1,0.8872,-0.3610,-0.2183,-0.1869,348.2,-31.5,0.0
207072,2026-08-30_09-12-30.074-240,v3.6.25,3.53,12.0,400,1129,577,7655,-28,437,7806,1016,427,7644,1054,226,7683,0,0,0,38,-201,39,208.2,1370.0,0.586,-0.152,0.100,-157.203,36.609,247.516,212.2,1,0.8692,-0.4032,-0.2035,-0.2013,347.5,-31.1,0.0
207187,2026-08-30_09-12-31.188-240,v3.6.25,3.53,12.0,400,-2722,1200,7120,-3503,1156,6707,-2852,1110,7105,-2628,902,7198,0,0,0,224,-208,93,319.5,2102.1,0.719,-0.599,0.155,52.828,-4.078,-50.828,305.6,1,0.8753,-0.3925,-0.2046,-0.1945,347.9,-30.7,0.0
207226,2026-08-30_09-12-31.228-240,v3.6.25,3.53,12.0,400,-2722,1200,7120,-3727,1224,6686,-2852,1110,7105,-2858,967,7215,0,0,0,-6,-143,110,180.5,1187.6,0.920,-0.127,0.193,62.062,5.984,-49.172,188.9,1,0.8821,-0.3811,-0.2039,-0.1873,348.3,-30.2,0.0
207256,2026-08-30_09-12-31.257-240,v3.6.25,3.53,12.0,400,-2305,1254,7283,-3260,1281,6930,-2434,1156,7266,-2350,1031,7374,0,0,0,84,-125,108,185.3,1219.2,1.008,0.242,0.201,50.953,29.578,-23.234,193.0,1,0.8877,-0.3732,-0.1985,-0.1822,348.4,-29.2,0.0
207306,2026-08-30_09-12-31.308-240,v3.6.25,3.53,12.0,400,-1951,1486,7333,-3260,1281,6930,-2081,1383,7313,-2350,1031,7374,0,0,0,-269,-352,61,447.2,2942.1,0.935,0.291,0.141,-2.953,79.906,68.000,412.8,1,0.8880,-0.3801,-0.1820,-0.1842,347.7,-27.6,0.0
207353,2026-08-30_09-12-31.355-240,v3.6.25,3.53,12.0,400,-2171,2100,7065,-3097,1713,6857,-2307,2007,7040,-2209,1460,7274,0,0,0,98,-547,234,603.0,3966.9,0.841,-0.529,0.146,12.391,118.250,92.312,543.5,1,0.8890,-0.3884,-0.1571,-0.1847,346.8,-25.0,0.0
207542,2026-08-30_09-12-31.543-240,v3.6.25,3.53,12.0,400,-1808,4938,5701,-1961,5402,5280,-1966,4877,5652,-1422,5106,5534,0,0,0,544,229,-118,601.9,3960.0,0.461,-0.182,1.852,57.938,-4.625,-65.641,542.6,1,0.8957,-0.3750,-0.1586,-0.1785,347.2,-24.7,0.0
207596,2026-08-30_09-12-31.598-240,v3.6.25,3.53,12.0,400,-1152,5315,5550,-1961,5402,5280,-1310,5250,5498,-1422,5106,5534,0,0,0,-112,-144,36,185.9,1223.3,0.492,0.567,1.515,-36.156,-119.297,-41.406,193.5,1,0.8923,-0.3737,-0.1806,-0.1776,348.2,-27.1,0.0
207646,2026-08-30_09-12-31.648-240,v3.6.25,3.53,12.0,400,-765,5028,5932,-1644,5079,5759,-920,4950,5881,-1016,4794,5949,0,0,0,-96,-156,68,195.4,1285.4,0.571,0.332,0.663,-152.906,-199.203,36.297,201.4,1,0.8752,-0.3918,-0.2151,-0.1850,349.5,-31.4,0.0
207905,2026-08-30_09-12-31.906-240,v3.6.25,3.53,12.0,400,-776,-1820,7383,-1753,-2246,7167,-875,-1949,7401,-722,-2458,7358,0,0,0,153,-509,-43,533.2,3508.1,0.710,0.266,-0.750,-17.703,-8.797,20.953,485.0,1,0.8731,-0.3953,-0.2165,-0.1859,349.6,-31.7,0.0
207945,2026-08-30_09-12-31.947-240,v3.6.25,3.53,12.0,400,-560,-2200,7286,-1753,-2246,7167,-655,-2331,7309,-722,-2458,7358,0,0,0,-67,-127,49,151.7,998.2,0.769,-0.156,-0.508,8.672,42.781,11.594,164.8,1,0.8750,-0.3945,-0.2094,-0.1867,349.1,-30.9,0.0
207972,2026-08-30_09-12-31.974-240,v3.6.25,3.53,12.0,400,-673,-1987,7364,-1871,-2241,7188,-770,-2117,7384,-837,-2454,7398,0,0,0,-67,-337,14,343.9,2262.4,0.828,-0.099,-0.423,33.406,86.203,-3.578,326.0,1,0.8807,-0.3887,-0.1954,-0.1874,348.2,-29.3,0.0
208011,2026-08-30_09-12-31.013-240,v3.6.25,3.53,12.0,400,-673,-1987,7364,-1764,-1521,7382,-770,-2117,7384,-713,-1735,7568,0,0,0,57,382,184,427.8,2814.6,0.871,-0.124,-0.267,54.781,134.719,-9.266,396.5,1,0.8892,-0.3793,-0.1733,-0.1884,346.8,-26.8,0.0
208061,2026-08-30_09-12-31.063-240,v3.6.25,3.53,12.0,400,-482,-1225,7577,-1764,-1521,7382,-585,-1359,7587,-713,-1735,7568,0,0,0,-128,-376,-19,397.6,2616.1,0.915,-0.066,-0.112,79.438,178.328,-28.688,371.2,1,0.9006,-0.3638,-0.1442,-0.1893,345.1,-23.4,0.0
208295,2026-08-30_09-12-32.296-240,v3.6.25,3.53,12.0,400,525,4319,6481,-633,4153,6587,380,4212,6434,158,3894,6588,0,0,0,-222,-318,154,417.3,2745.3,0.789,0.232,1.520,10.297,-54.844,-25.031,387.6,1,0.9013,-0.3605,-0.1534,-0.1850,345.9,-24.2,0.0
208326,2026-08-30_09-12-32.327-240,v3.6.25,3.53,12.0,400,525,4319,6481,-393,4285,6552,380,4212,6434,389,4026,6513,0,0,0,9,-186,79,202.3,1330.8,0.854,0.179,1.339,-1.125,-108.344,-17.609,207.2,1,0.8994,-0.3605,-0.1710,-0.1785,347.3,-25.9,0.0
208356,2026-08-30_09-12-32.358-240,v3.6.25,3.53,12.0,400,705,3966,6740,-393,4285,6552,563,3850,6696,389,4026,6513,0,0,0,-174,176,-183,307.8,2025.0,0.935,0.039,1.124,-1.984,-145.016,-18.766,295.8,1,0.8960,-0.3613,-0.1944,-0.1698,349.3,-28.1,0.0
208645,2026-08-30_09-12-32.647-240,v3.6.25,3.53,12.0,400,527,-2094,7317,10,-1902,7516,434,-2239,7339,1094,-2100,7399,0,0,0,660,139,60,677.1,4454.9,0.781,-0.347,-0.561,-58.641,9.594,66.656,605.7,1,0.8904,-0.3734,-0.1920,-0.1757,348.9,-28.2,0.0
208695,2026-08-30_09-12-32.697-240,v3.6.25,3.53,12.0,400,527,-2094,7317,-720,-2271,7390,434,-2239,7339,350,-2473,7400,0,0,0,-84,-234,61,256.0,1684.2,0.947,-0.544,-0.401,22.812,94.609,-22.391,252.3,1,0.8960,-0.3652,-0.1783,-0.1790,347.7,-26.8,0.0
208724,2026-08-30_09-12-32.725-240,v3.6.25,3.53,12.0,400,221,-1809,7470,-1002,-1829,7519,124,-1952,7488,80,-2034,7573,0,0,0,-44,-82,85,126.0,829.2,0.962,-0.151,-0.329,51.672,137.312,-54.094,143.2,1,0.9055,-0.3490,-0.1584,-0.1822,346.0,-24.5,0.0
209052,2026-08-30_09-12-32.053-240,v3.6.25,3.53,12.0,400,670,5384,5567,-168,5353,5702,516,5296,5514,446,5075,5643,0,0,0,-70,-221,129,265.3,1745.4,0.709,-0.038,1.999,31.828,-56.188,-6.594,260.1,1,0.9065,-0.3473,-0.1657,-0.1735,347.3,-24.9,0.0
209078,2026-08-30_09-12-32.079-240,v3.6.25,3.53,12.0,400,753,5364,5651,-116,5455,5679,600,5274,5598,492,5176,5611,0,0,0,-108,-98,13,146.4,963.2,0.653,0.333,1.799,35.375,-113.938,-3.125,160.3,1,0.9057,-0.3476,-0.1820,-0.1606,349.4,-26.2,0.0
209116,2026-08-30_09-12-33.118-240,v3.6.25,3.53,12.0,400,753,5364,5651,-116,5455,5679,600,5274,5598,492,5176,5611,0,0,0,-108,-98,13,146.4,963.2,0.597,0.445,1.281,13.031,-174.453,20.250,160.3,1,0.9002,-0.3539,-0.2073,-0.1461,352.4,-28.5,0.0
209166,2026-08-30_09-12-33.168-240,v3.6.25,3.53,12.0,400,997,4678,6224,138,4727,6351,850,4571,6175,877,4465,6226,0,0,0,27,-106,51,120.7,794.0,0.606,0.156,0.665,-10.844,-226.609,30.688,138.7,1,0.8901,-0.3639,-0.2410,-0.1315,356.0,-31.7,0.0
209458,2026-08-30_09-12-33.459-240,v3.6.25,3.50,12.0,400,876,-2974,6990,-216,-2941,7141,791,-3120,7025,827,-3140,7073,0,0,0,36,-20,48,63.2,416.1,0.657,-0.197,-0.606,-16.516,16.672,9.562,90.5,1,0.8896,-0.3650,-0.2393,-0.1343,355.7,-31.6,0.0
209486,2026-08-30_09-12-33.488-240,v3.6.25,3.50,12.0,400,746,-2908,7013,-439,-3151,7080,660,-3052,7047,598,-3351,7052,0,0,0,-62,-299,5,305.4,2009.2,0.657,-0.065,-0.528,-3.578,56.156,-8.500,293.8,1,0.8923,-0.3618,-0.2317,-0.1385,354.7,-30.9,0.0
209529,2026-08-30_09-12-33.531-240,v3.6.25,3.50,12.0,400,746,-2908,7013,-398,-2665,7314,660,-3052,7047,668,-2864,7273,0,0,0,8,188,226,294.1,1934.7,0.754,0.164,-0.451,6.719,123.453,-19.125,284.3,1,0.8986,-0.3546,-0.2136,-0.1457,352.7,-29.2,0.0
209577,2026-08-30_09-12-33.579-240,v3.6.25,3.50,12.0,400,855,-2307,7246,-398,-2665,7314,765,-2455,7271,668,-2864,7273,0,0,0,-97,-409,2,420.3,2765.5,0.783,0.196,-0.257,-5.094,182.062,8.016,390.2,1,0.9047,-0.3503,-0.1851,-0.1569,350.1,-26.4,0.0
209640,2026-08-30_09-12-33.642-240,v3.6.25,3.50,12.0,400,995,-1134,7538,-262,-1479,7683,896,-1285,7548,841,-1679,7607,0,0,0,-55,-394,59,402.2,2645.9,0.810,-0.085,0.187,18.984,221.594,14.562,375.0,1,0.9121,-0.3442,-0.1483,-0.1661,347.4,-22.6,0.0
209691,2026-08-30_09-12-33.693-240,v3.6.25,3.50,12.0,400,931,469,7669,-319,306,7805,818,321,7659,765,94,7732,0,0,0,-53,-227,73,244.3,1607.0,0.834,-0.029,0.509,37.547,223.047,-23.047,242.4,1,0.9206,-0.3308,-0.1123,-0.1744,344.9,-18.8,0.0
209869,2026-08-30_09-12-33.870-240,v3.6.25,3.50,12.0,400,876,5278,5669,91,5005,6020,724,5186,5617,767,4736,5910,0,0,0,43,-450,293,538.7,3544.1,0.875,-0.243,1.916,16.109,-4.344,-29.125,489.5,1,0.9230,-0.3248,-0.1134,-0.1727,345.0,-18.7,0.0
209901,2026-08-30_09-12-33.903-240,v3.6.25,3.50,12.0,400,876,5278,5669,-2,5400,5712,724,5186,5617,613,5123,5624,0,0,0,-111,-63,7,127.8,840.9,0.747,0.241,1.914,22.688,-71.531,-39.047,144.7,1,0.9245,-0.3188,-0.1256,-0.1669,345.9,-19.8,0.0
209931,2026-08-30_09-12-33.934-240,v3.6.25,3.50,12.0,400,981,5246,5712,-2,5400,5712,829,5151,5660,613,5123,5624,0,0,0,-216,-28,-36,220.8,1452.4,0.647,0.441,1.586,7.750,-126.703,-31.750,222.7,1,0.9235,-0.3162,-0.1468,-0.1598,347.4,-21.9,0.0
209960,2026-08-30_09-12-33.962-240,v3.6.25,3.50,12.0,400,1232,4613,6247,231,5022,6099,1087,4503,6199,920,4755,5963,0,0,0,-167,252,-236,383.5,2523.2,0.640,0.492,1.174,-6.594,-173.734,-20.094,359.3,1,0.9195,-0.3174,-0.1755,-0.1515,349.4,-24.8,0.0
210278,2026-08-30_09-12-34.279-240,v3.6.25,3.50,12.0,400,1290,-3579,6512,376,-3117,7065,1211,-3723,6557,1411,-3312,6899,0,0,0,200,411,342,570.9,3755.7,0.689,-0.065,-0.599,-12.984,-46.156,21.156,516.5,1,0.9168,-0.3219,-0.1830,-0.1495,350.0,-25.6,0.0
210319,2026-08-30_09-12-34.322-240,v3.6.25,3.50,12.0,400,1290,-3579,6512,30,-3834,6725,1211,-3723,6557,1022,-4032,6628,0,0,0,-189,-309,71,369.1,2428.4,0.671,-0.052,-0.486,-0.469,19.531,-1.359,347.2,1,0.9176,-0.3205,-0.1806,-0.1503,349.8,-25.3,0.0
210351,2026-08-30_09-12-34.353-240,v3.6.25,3.50,12.0,400,1136,-3745,6510,4,-3853,6747,1058,-3887,6557,1000,-4050,6654,0,0,0,-58,-163,97,198.3,1304.9,0.624,0.096,-0.599,6.766,66.125,-11.719,203.9,1,0.9206,-0.3159,-0.1710,-0.1533,349.0,-24.3,0.0
210395,2026-08-30_09-12-34.397-240,v3.6.25,3.50,12.0,400,1220,-3377,6727,4,-3853,6747,1139,-3523,6768,1000,-4050,6654,0,0,0,-139,-527,-114,556.8,3663.3,0.621,0.009,-0.582,3.516,127.312,-11.750,504.8,1,0.9249,-0.3098,-0.1517,-0.1600,347.4,-22.3,0.0
210426,2026-08-30_09-12-34.428-240,v3.6.25,3.50,12.0,400,1220,-3377,6727,106,-3213,7088,1139,-3523,6768,1146,-3409,6968,0,0,0,7,114,200,230.3,1515.2,0.724,0.064,-0.356,6.938,164.750,-20.250,230.7,1,0.9301,-0.3008,-0.1264,-0.1686,345.4,-19.7,0.0
210631,2026-08-30_09-12-34.632-240,v3.6.25,3.50,12.0,400,1459,2721,7111,343,2223,7477,1330,2585,7079,1330,1997,7295,0,0,0,0,-588,216,626.4,4121.2,0.629,-0.170,0.947,-3.656,247.359,-39.484,563.2,1,0.9362,-0.2866,-0.0877,-0.1835,342.3,-15.6,0.0
210689,2026-08-30_09-12-34.691-240,v3.6.25,3.50,12.0,400,1221,4435,6239,220,4244,6499,1077,4324,6193,995,3988,6357,0,0,0,-82,-336,164,382.8,2518.3,0.594,0.379,1.334,-17.906,203.594,-43.375,358.7,1,0.9394,-0.2736,-0.0566,-0.1984,339.5,-12.4,0.0
210798,2026-08-30_09-12-34.799-240,v3.6.25,3.50,12.0,400,595,6952,3380,172,6758,3998,428,6913,3324,464,6445,3919,0,0,0,36,-468,595,757.9,4985.9,0.581,0.499,2.279,11.062,34.234,-15.172,673.5,1,0.9412,-0.2685,-0.0509,-0.1987,339.3,-11.7,0.0
210846,2026-08-30_09-12-34.848-240,v3.6.25,3.50,12.0,400,595,6952,3380,174,7144,3346,428,6913,3324,347,6819,3281,0,0,0,-81,-94,-43,131.3,864.0,0.360,0.280,2.094,1.422,-69.844,39.688,147.7,1,0.9401,-0.2757,-0.0595,-0.1914,340.4,-12.6,0.0
210876,2026-08-30_09-12-34.877-240,v3.6.25,3.50,12.0,400,646,6942,3417,232,6994,3679,479,6901,3361,465,6675,3597,0,0,0,-14,-226,236,327.1,2151.7,0.388,0.148,1.869,14.953,-132.281,34.094,311.9,1,0.9389,-0.2832,-0.0782,-0.1794,342.4,-14.4,0.0
210921,2026-08-30_09-12-34.923-240,v3.6.25,3.50,12.0,400,882,6523,4204,232,6994,3679,720,6463,4148,465,6675,3597,0,0,0,-255,212,-551,643.1,4230.9,0.425,0.336,1.650,18.703,-202.062,34.609,577.2,1,0.9361,-0.2923,-0.1083,-0.1632,345.3,-17.3,0.0
211323,2026-08-30_09-12-35.324-240,v3.6.25,3.50,12.0,400,1597,-4192,6077,524,-3898,6654,1524,-4333,6132,1506,-4093,6475,0,0,0,-18,240,343,419.0,2756.7,0.765,0.201,-0.654,11.188,-35.031,15.734,389.1,1,0.9357,-0.2942,-0.1136,-0.1584,346.1,-17.8,0.0
211371,2026-08-30_09-12-35.373-240,v3.6.25,3.50,12.0,400,1597,-4192,6077,462,-4398,6329,1524,-4333,6132,1400,-4595,6169,0,0,0,-124,-262,37,292.2,1922.5,0.760,0.073,-0.607,-0.406,28.328,8.562,282.7,1,0.9361,-0.2941,-0.1092,-0.1590,345.9,-17.3,0.0
211401,2026-08-30_09-12-35.403-240,v3.6.25,3.50,12.0,400,1481,-4285,6054,389,-4370,6401,1409,-4425,6110,1338,-4567,6252,0,0,0,-71,-142,142,213.0,1401.3,0.665,0.023,-0.703,2.312,67.203,-11.203,216.2,1,0.9379,-0.2898,-0.0995,-0.1624,345.1,-16.3,0.0
211446,2026-08-30_09-12-35.448-240,v3.6.25,3.50,12.0,400,1533,-3922,6341,389,-4370,6401,1458,-4067,6391,1338,-4567,6252,0,0,0,-120,-500,-139,532.7,3504.3,0.681,0.336,-0.518,-9.781,120.203,-15.344,484.5,1,0.9400,-0.2839,-0.0815,-0.1706,343.5,-14.5,0.0
211475,2026-08-30_09-12-35.476-240,v3.6.25,3.50,12.0,400,1533,-3922,6341,497,-3790,6793,1458,-4067,6391,1501,-3984,6615,0,0,0,43,83,224,242.7,1596.9,0.736,0.359,-0.428,-30.562,150.078,5.156,241.2,1,0.9404,-0.2814,-0.0580,-0.1818,341.6,-12.2,0.0
211501,2026-08-30_09-12-35.503-240,v3.6.25,3.50,12.0,400,1711,-3130,6761,497,-3790,6793,1630,-3282,6799,1501,-3984,6615,0,0,0,-129,-702,-184,737.1,4849.3,0.725,0.236,-0.343,-45.953,176.625,21.312,656.0,1,0.9391,-0.2814,-0.0297,-0.1952,339.2,-9.5,0.0
211851,2026-08-30_09-12-35.852-240,v3.6.25,3.50,12.0,400,883,5969,4895,368,5464,5579,725,5894,4840,959,5186,5431,0,0,0,234,-708,591,951.5,6259.7,0.672,-0.026,1.490,4.906,85.938,-11.766,836.0,1,0.9404,-0.2754,-0.0155,-0.1987,338.4,-8.0,0.0
211896,2026-08-30_09-12-35.898-240,v3.6.25,3.50,12.0,400,883,5969,4895,170,6158,4858,725,5894,4840,622,5863,4760,0,0,0,-103,-31,-80,134.1,881.9,0.641,0.237,1.403,10.797,45.281,-17.812,150.0,1,0.9420,-0.2693,-0.0082,-0.1999,338.0,-7.1,0.0
211926,2026-08-30_09-12-35.928-240,v3.6.25,3.50,12.0,400,863,6308,4465,219,6482,4487,702,6242,4409,601,6179,4389,0,0,0,-101,-63,-20,120.7,794.1,0.483,0.166,1.290,10.469,20.156,-14.438,138.8,1,0.9434,-0.2647,-0.0048,-0.1997,337.9,-6.6,0.0
211971,2026-08-30_09-12-35.973-240,v3.6.25,3.50,12.0,400,875,6416,4308,219,6482,4487,713,6354,4252,601,6179,4389,0,0,0,-112,-175,137,248.9,1637.3,0.392,0.276,1.179,16.234,-9.750,-17.547,246.3,1,0.9451,-0.2602,-0.0064,-0.1975,338.1,-6.6,0.0
212001,2026-08-30_09-12-35.003-240,v3.6.25,3.50,12.0,400,875,6416,4308,317,6546,4417,713,6354,4252,686,6242,4303,0,0,0,-27,-112,51,126.0,828.9,0.370,0.497,0.972,-1.812,-13.656,-1.141,143.2,1,0.9455,-0.2595,-0.0083,-0.1964,338.3,-6.8,0.0
212041,2026-08-30_09-12-35.043-240,v3.6.25,3.50,12.0,400,976,6384,4338,381,6452,4549,815,6320,4282,774,6151,4422,0,0,0,-41,-169,140,223.3,1468.8,0.535,0.340,0.812,-44.250,-26.500,43.266,224.8,1,0.9426,-0.2691,-0.0110,-0.1973,338.3,-7.3,0.0
212086,2026-08-30_09-12-36.087-240,v3.6.25,3.50,12.0,400,930,6301,4519,381,6452,4549,770,6234,4463,774,6151,4422,0,0,0,4,-83,-41,92.7,609.6,0.591,-0.098,0.947,-52.719,-18.109,35.234,115.2,1,0.9394,-0.2780,-0.0128,-0.2002,338.1,-7.8,0.0
212113,2026-08-30_09-12-36.115-240,v3.6.25,3.50,12.0,400,672,6212,4671,118,6336,4664,511,6144,4615,533,6036,4579,0,0,0,22,-108,-36,115.9,762.8,0.630,-0.123,0.911,-35.859,-13.891,9.250,134.8,1,0.9377,-0.2817,-0.0149,-0.2030,337.9,-8.2,0.0
212154,2026-08-30_09-12-36.156-240,v3.6.25,3.50,12.0,400,672,6212,4671,-112,6256,4784,511,6144,4615,325,5957,4735,0,0,0,-186,-187,120,289.8,1906.4,0.604,0.059,1.187,-4.750,-9.359,-24.297,280.6,1,0.9385,-0.2779,-0.0173,-0.2043,337.8,-8.4,0.0
212205,2026-08-30_09-12-36.207-240,v3.6.25,3.50,12.0,400,554,6146,4767,-112,6256,4784,394,6078,4711,325,5957,4735,0,0,0,-69,-121,24,141.3,929.9,0.531,0.293,0.711,5.672,-14.344,-33.922,156.1,1,0.9400,-0.2720,-0.0210,-0.2047,337.8,-8.7,0.0
212234,2026-08-30_09-12-36.235-240,v3.6.25,3.50,12.0,400,630,6090,4811,-38,6196,4870,470,6020,4755,415,5900,4807,0,0,0,-55,-120,52,141.9,933.4,0.808,0.130,1.077,-12.141,-11.734,-3.078,156.5,1,0.9399,-0.2719,-0.0230,-0.2053,337.8,-8.9,0.0
212261,2026-08-30_09-12-36.263-240,v3.6.25,3.50,12.0,400,630,6090,4811,-38,6196,4870,470,6020,4755,415,5900,4807,0,0,0,-55,-120,52,141.9,933.4,0.537,0.114,0.883,-15.594,-9.688,16.438,156.5,1,0.9391,-0.2748,-0.0235,-0.2050,337.9,-9.0,0.0
212291,2026-08-30_09-12-36.292-240,v3.6.25,3.50,12.0,400,661,6032,4947,-37,6125,4979,502,5959,4891,436,5831,4913,0,0,0,-66,-128,22,145.7,958.5,0.677,0.136,1.045,-11.125,-20.359,5.422,159.7,1,0.9388,-0.2761,-0.0263,-0.2043,338.0,-9.3,0.0
212316,2026-08-30_09-12-36.318-240,v3.6.25,3.50,12.0,400,661,6032,4947,-37,6125,4979,502,5959,4891,436,5831,4913,0,0,0,-66,-128,22,145.7,958.5,0.613,0.130,0.922,-7.297,-23.281,2.000,159.7,1,0.9387,-0.2767,-0.0297,-0.2033,338.3,-9.7,0.0
212364,2026-08-30_09-12-36.365-240,v3.6.25,3.50,12.0,400,616,5935,5029,-111,6008,5082,458,5860,4974,382,5716,5026,0,0,0,-76,-144,52,170.9,1124.5,0.647,0.087,0.949,-6.188,-24.141,8.109,180.9,1,0.9386,-0.2782,-0.0329,-0.2016,338.6,-10.0,0.0
212393,2026-08-30_09-12-36.395-240,v3.6.25,3.50,12.0,400,616,5824,5172,-122,5871,5245,458,5746,5117,402,5582,5188,0,0,0,-56,-164,71,187.3,1232.1,0.686,0.045,0.915,-3.828,-26.922,12.625,194.6,1,0.9384,-0.2802,-0.0362,-0.1990,339.0,-10.3,0.0
212436,2026-08-30_09-12-36.437-240,v3.6.25,3.50,12.0,400,638,5701,5302,-122,5871,5245,482,5620,5248,402,5582,5188,0,0,0,-80,-38,-60,107.0,703.8,0.680,-0.015,0.913,7.141,-26.641,4.734,127.2,1,0.9390,-0.2803,-0.0396,-0.1954,339.5,-10.6,0.0
212471,2026-08-30_09-12-36.473-240,v3.6.25,3.50,12.0,400,638,5701,5302,-125,5726,5416,482,5620,5248,432,5441,5355,0,0,0,-50,-179,107,214.5,1410.9,0.701,0.004,0.862,18.828,-25.312,-7.250,217.4,1,0.9405,-0.2776,-0.0432,-0.1912,340.0,-10.8,0.0
212501,2026-08-30_09-12-36.503-240,v3.6.25,3.50,12.0,400,716,5563,5427,-16,5583,5538,561,5478,5373,565,5301,5456,0,0,0,4,-177,83,195.5,1286.4,0.735,0.110,0.872,24.969,-23.328,-11.516,201.6,1,0.9424,-0.2737,-0.0466,-0.1865,340.6,-10.9,0.0
212551,2026-08-30_09-12-36.553-240,v3.6.25,3.50,12.0,400,902,5461,5511,-16,5583,5538,748,5372,5458,565,5301,5456,0,0,0,-183,-71,-2,196.3,1291.5,0.804,0.311,0.844,17.562,-17.094,-1.969,202.2,1,0.9437,-0.2716,-0.0488,-0.1825,341.1,-11.0,0.0
212580,2026-08-30_09-12-36.581-240,v3.6.25,3.50,12.0,400,1044,5372,5579,162,5469,5680,892,5279,5526,770,5192,5565,0,0,0,-122,-87,39,154.8,1018.7,0.819,0.296,0.865,6.766,-12.297,7.766,167.4,1,0.9442,-0.2715,-0.0499,-0.1795,341.5,-11.0,0.0
212630,2026-08-30_09-12-36.632-240,v3.6.25,3.50,12.0,400,1044,5372,5579,245,5384,5738,892,5279,5526,865,5109,5608,0,0,0,-27,-170,82,190.7,1254.4,0.752,0.218,0.828,-8.406,-4.344,22.922,197.5,1,0.9437,-0.2745,-0.0493,-0.1781,341.7,-11.0,0.0
212677,2026-08-30_09-12-36.678-240,v3.6.25,3.50,12.0,400,1071,5328,5633,193,5357,5771,919,5234,5581,819,5082,5649,0,0,0,-100,-152,68,194.2,1277.9,0.729,0.167,0.769,-9.031,-3.891,15.891,200.5,1,0.9432,-0.2766,-0.0490,-0.1772,341.8,-11.0,0.0
212724,2026-08-30_09-12-36.726-240,v3.6.25,3.50,12.0,400,1011,5313,5642,193,5357,5771,859,5219,5590,819,5082,5649,0,0,0,-40,-137,59,154.4,1016.0,0.696,-0.002,0.804,-2.953,-2.953,1.422,167.1,1,0.9435,-0.2760,-0.0490,-0.1765,341.8,-10.9,0.0
212750,2026-08-30_09-12-36.752-240,v3.6.25,3.50,12.0,400,1001,5283,5661,131,5331,5774,849,5189,5609,758,5056,5662,0,0,0,-91,-133,53,169.6,1116.1,0.721,0.126,0.823,2.578,-2.359,-5.750,179.8,1,0.9443,-0.2740,-0.0492,-0.1757,341.9,-10.9,0.0
212786,2026-08-30_09-12-36.788-240,v3.6.25,3.50,12.0,400,1001,5283,5661,131,5331,5774,849,5189,5609,758,5056,5662,0,0,0,-91,-133,53,169.6,1116.1,0.730,0.268,0.839,-9.156,-1.656,8.281,179.8,1,0.9441,-0.2749,-0.0489,-0.1755,341.9,-10.9,0.0
212816,2026-08-30_09-12-36.817-240,v3.6.25,3.50,12.0,400,977,5291,5675,170,5319,5805,825,5197,5623,802,5045,5686,0,0,0,-23,-152,63,166.1,1093.0,0.738,0.092,0.802,-15.922,-0.109,12.203,176.9,1,0.9434,-0.2768,-0.0483,-0.1762,341.9,-10.9,0.0
212846,2026-08-30_09-12-36.848-240,v3.6.25,3.50,12.0,400,935,5288,5678,170,5319,5805,783,5195,5626,802,5045,5686,0,0,0,19,-150,60,162.7,1070.2,0.713,-0.039,0.817,-6.359,-0.141,-0.500,174.0,1,0.9436,-0.2761,-0.0480,-0.1763,341.8,-10.8,0.0
212888,2026-08-30_09-12-36.890-240,v3.6.25,3.50,12.0,400,935,5288,5678,83,5342,5793,783,5195,5626,713,5067,5689,0,0,0,-70,-128,63,158.9,1045.5,0.742,0.175,0.853,-0.391,0.266,-7.266,170.8,1,0.9443,-0.2740,-0.0480,-0.1761,341.8,-10.8,0.0
212916,2026-08-30_09-12-36.918-240,v3.6.25,3.50,12.0,400,947,5285,5670,103,5332,5777,795,5192,5618,730,5057,5670,0,0,0,-65,-135,52,158.6,1043.4,0.734,0.181,0.825,-4.188,0.750,-4.453,170.6,1,0.9446,-0.2726,-0.0478,-0.1763,341.8,-10.7,0.0
212958,2026-08-30_09-12-36.960-240,v3.6.25,3.50,12.0,400,962,5299,5652,103,5332,5777,810,5206,5600,730,5057,5670,0,0,0,-80,-149,70,183.0,1204.2,0.720,0.078,0.823,0.094,0.156,-12.234,191.1,1,0.9454,-0.2697,-0.0479,-0.1764,341.8,-10.7,0.0
212996,2026-08-30_09-12-36.998-240,v3.6.25,3.50,12.0,400,962,5299,5652,123,5338,5756,810,5206,5600,747,5062,5646,0,0,0,-63,-144,46,163.8,1077.4,0.730,0.283,0.852,-3.156,0.281,-7.266,174.9,1,0.9460,-0.2677,-0.0480,-0.1766,341.7,-10.7,0.0
213026,2026-08-30_09-12-36.027-240,v3.6.25,3.50,12.0,400,996,5316,5648,148,5359,5771,844,5223,5596,774,5084,5656,0,0,0,-70,-139,60,166.8,1097.3,0.687,0.249,0.851,-14.500,0.641,7.625,177.4,1,0.9455,-0.2688,-0.0474,-0.1774,341.6,-10.7,0.0
213074,2026-08-30_09-12-36.076-240,v3.6.25,3.50,12.0,400,963,5316,5641,148,5359,5771,811,5223,5589,774,5084,5656,0,0,0,-37,-139,67,158.7,1043.9,0.705,0.001,0.826,-3.953,-1.859,-5.609,170.6,1,0.9459,-0.2673,-0.0476,-0.1775,341.6,-10.7,0.0
213101,2026-08-30_09-12-37.103-240,v3.6.25,3.50,12.0,400,963,5316,5641,87,5366,5758,811,5223,5589,710,5090,5654,0,0,0,-101,-133,65,179.2,1179.0,0.721,0.134,0.786,3.891,-3.016,-15.906,187.8,1,0.9470,-0.2637,-0.0484,-0.1772,341.6,-10.7,0.0
213136,2026-08-30_09-12-37.138-240,v3.6.25,3.50,12.0,400,963,5322,5643,87,5366,5758,811,5229,5591,710,5090,5654,0,0,0,-101,-139,63,183.0,1204.0,0.759,0.248,0.808,0.688,-2.578,-9.328,191.0,1,0.9477,-0.2612,-0.0489,-0.1769,341.6,-10.7,0.0
213166,2026-08-30_09-12-37.167-240,v3.6.25,3.50,12.0,400,1010,5302,5651,147,5358,5766,858,5208,5599,772,5083,5652,0,0,0,-86,-125,53,160.7,1057.3,0.722,0.177,0.831,-4.891,-3.547,-1.016,172.3,1,0.9479,-0.2605,-0.0493,-0.1767,341.7,-10.7,0.0
213205,2026-08-30_09-12-37.207-240,v3.6.25,3.50,12.0,400,1010,5302,5651,161,5338,5793,858,5208,5599,791,5063,5676,0,0,0,-67,-145,77,177.3,1166.6,0.722,0.132,0.834,-2.953,-4.266,1.125,186.3,1,0.9482,-0.2599,-0.0496,-0.1761,341.7,-10.7,0.0
213251,2026-08-30_09-12-37.253-240,v3.6.25,3.50,12.0,400,1015,5272,5663,161,5338,5793,863,5178,5611,791,5063,5676,0,0,0,-72,-115,65,150.4,989.8,0.752,0.188,0.807,-4.078,-3.500,4.328,163.7,1,0.9483,-0.2598,-0.0497,-0.1754,341.8,-10.7,0.0
213300,2026-08-30_09-12-37.302-240,v3.6.25,3.50,12.0,400,1028,5267,5660,161,5309,5806,876,5173,5608,794,5035,5688,0,0,0,-82,-138,80,179.4,1180.0,0.691,0.086,0.805,-2.359,-4.547,-0.172,188.0,1,0.9486,-0.2590,-0.0500,-0.1747,341.9,-10.7,0.0
213328,2026-08-30_09-12-37.330-240,v3.6.25,3.50,12.0,400,1001,5248,5704,112,5305,5862,850,5153,5652,754,5031,5751,0,0,0,-96,-122,99,184.1,1211.3,0.692,0.105,0.823,2.719,-5.359,-7.047,192.0,1,0.9493,-0.2569,-0.0507,-0.1738,342.0,-10.7,0.0
213365,2026-08-30_09-12-37.366-240,v3.6.25,3.50,12.0,400,1001,5248,5704,112,5305,5862,850,5153,5652,754,5031,5751,0,0,0,-96,-122,99,184.1,1211.3,0.673,0.261,0.839,1.094,-7.125,-6.656,192.0,1,0.9499,-0.2549,-0.0518,-0.1730,342.1,-10.8,0.0
213415,2026-08-30_09-12-37.416-240,v3.6.25,3.50,12.0,400,1060,5215,5711,192,5293,5839,909,5119,5659,831,5019,5715,0,0,0,-78,-100,56,138.6,912.1,0.758,0.155,0.861,-9.516,-3.547,5.219,153.8,1,0.9498,-0.2554,-0.0519,-0.1731,342.1,-10.8,0.0
213442,2026-08-30_09-12-37.443-240,v3.6.25,3.50,12.0,400,1067,5197,5735,199,5273,5855,916,5101,5683,841,5000,5730,0,0,0,-75,-101,47,134.3,883.5,0.723,0.033,0.806,-4.984,-1.812,1.828,150.2,1,0.9500,-0.2551,-0.0518,-0.1727,342.1,-10.8,0.0
213486,2026-08-30_09-12-37.488-240,v3.6.25,3.50,12.0,400,1058,5195,5730,199,5273,5855,907,5099,5678,841,5000,5730,0,0,0,-66,-99,52,129.8,854.3,0.708,0.153,0.781,3.531,-1.078,-12.688,146.4,1,0.9509,-0.2518,-0.0521,-0.1723,342.1,-10.7,0.0
213520,2026-08-30_09-12-37.521-240,v3.6.25,3.50,12.0,400,1058,5195,5730,199,5247,5878,907,5099,5678,846,4974,5752,0,0,0,-61,-125,74,157.5,1036.5,0.781,0.263,0.811,1.031,-1.484,-12.797,169.7,1,0.9517,-0.2488,-0.0526,-0.1723,342.1,-10.7,0.0
213548,2026-08-30_09-12-37.550-240,v3.6.25,3.50,12.0,400,1105,5195,5729,199,5247,5878,954,5098,5678,846,4974,5752,0,0,0,-108,-124,74,180.3,1186.3,0.793,0.215,0.834,-5.062,0.859,-4.797,188.8,1,0.9520,-0.2473,-0.0524,-0.1726,342.1,-10.7,0.0
213576,2026-08-30_09-12-37.578-240,v3.6.25,3.50,12.0,400,1105,5195,5729,254,5234,5861,954,5098,5678,898,4962,5726,0,0,0,-56,-136,48,154.7,1017.8,0.749,0.114,0.817,-6.812,2.359,-1.812,167.3,1,0.9522,-0.2464,-0.0518,-0.1731,342.0,-10.6,0.0
213626,2026-08-30_09-12-37.628-240,v3.6.25,3.50,12.0,400,1126,5196,5725,258,5245,5862,975,5099,5674,902,4973,5727,0,0,0,-73,-126,53,155.0,1019.5,0.751,0.242,0.784,0.547,1.359,-8.156,167.5,1,0.9529,-0.2440,-0.0516,-0.1729,342.0,-10.5,0.0
213661,2026-08-30_09-12-37.663-240,v3.6.25,3.50,12.0,400,1143,5184,5726,258,5245,5862,993,5087,5675,902,4973,5727,0,0,0,-91,-114,52,154.9,1018.8,0.728,0.272,0.818,-7.547,2.688,2.484,167.4,1,0.9529,-0.2437,-0.0508,-0.1731,341.9,-10.4,0.0
213688,2026-08-30_09-12-37.691-240,v3.6.25,3.50,12.0,400,1147,5219,5698,289,5254,5848,996,5122,5646,930,4981,5708,0,0,0,-66,-141,62,167.6,1102.5,0.717,0.140,0.822,-9.906,1.047,4.938,178.1,1,0.9528,-0.2440,-0.0502,-0.1734,341.9,-10.4,0.0
213735,2026-08-30_09-12-37.737-240,v3.6.25,3.50,12.0,400,1147,5219,5698,259,5278,5845,996,5122,5646,899,5005,5710,0,0,0,-97,-117,64,164.9,1084.9,0.738,0.189,0.833,-6.594,0.438,0.672,175.8,1,0.9529,-0.2435,-0.0498,-0.1736,341.8,-10.3,0.0
213775,2026-08-30_09-12-37.777-240,v3.6.25,3.50,12.0,400,1125,5234,5700,259,5278,5845,974,5138,5648,899,5005,5710,0,0,0,-75,-133,62,164.8,1084.2,0.704,0.193,0.810,-6.094,-0.359,1.547,175.8,1,0.9531,-0.2431,-0.0495,-0.1736,341.8,-10.3,0.0
213806,2026-08-30_09-12-37.808-240,v3.6.25,3.50,12.0,400,1101,5230,5691,240,5259,5823,950,5134,5639,877,4986,5692,0,0,0,-73,-148,53,173.3,1140.3,0.718,0.141,0.805,-5.891,-1.391,0.328,182.9,1,0.9532,-0.2425,-0.0494,-0.1735,341.8,-10.3,0.0
213834,2026-08-30_09-12-37.835-240,v3.6.25,3.50,12.0,400,1101,5230,5691,240,5259,5823,950,5134,5639,877,4986,5692,0,0,0,-73,-148,53,173.3,1140.3,0.724,0.154,0.815,-3.297,-1.250,-1.234,182.9,1,0.9535,-0.2415,-0.0494,-0.1732,341.9,-10.2,0.0
213862,2026-08-30_09-12-37.864-240,v3.6.25,3.50,12.0,400,1062,5253,5734,142,5287,5857,911,5157,5682,784,5013,5741,0,0,0,-127,-144,59,200.9,1321.5,0.737,0.195,0.810,-2.859,-2.562,-1.797,206.0,1,0.9539,-0.2404,-0.0495,-0.1729,341.9,-10.2,0.0
213910,2026-08-30_09-12-37.911-240,v3.6.25,3.50,12.0,400,1096,5217,5703,230,5267,5839,945,5121,5651,869,4994,5709,0,0,0,-76,-127,58,159.0,1045.8,0.732,0.164,0.824,-4.734,-1.453,1.953,170.9,1,0.9540,-0.2400,-0.0494,-0.1726,341.9,-10.2,0.0
213955,2026-08-30_09-12-37.957-240,v3.6.25,3.50,12.0,400,1094,5221,5745,230,5267,5839,943,5124,5693,869,4994,5709,0,0,0,-74,-130,16,150.4,989.7,0.739,0.167,0.811,-2.172,-1.984,-1.875,163.7,1,0.9544,-0.2388,-0.0494,-0.1721,341.9,-10.2,0.0
213992,2026-08-30_09-12-37.994-240,v3.6.25,3.50,12.0,400,1094,5221,5745,258,5257,5867,943,5124,5693,902,4985,5732,0,0,0,-41,-139,39,150.1,987.3,0.719,0.217,0.821,-5.625,-1.766,2.859,163.4,1,0.9545,-0.2386,-0.0493,-0.1719,342.0,-10.1,0.0
214021,2026-08-30_09-12-37.023-240,v3.6.25,3.50,12.0,400,1106,5212,5723,222,5247,5864,955,5115,5671,866,4974,5735,0,0,0,-89,-141,64,178.6,1175.0,0.719,0.137,0.812,-6.828,-1.141,4.719,187.3,1,0.9545,-0.2388,-0.0490,-0.1717,342.0,-10.1,0.0
214065,2026-08-30_09-12-37.067-240,v3.6.25,3.50,12.0,400,1114,5206,5727,222,5247,5864,963,5109,5675,866,4974,5735,0,0,0,-97,-135,60,176.7,1162.7,0.743,0.157,0.827,-4.500,-1.797,-0.875,185.8,1,0.9548,-0.2379,-0.0490,-0.1715,342.0,-10.1,0.0
214101,2026-08-30_09-12-38.103-240,v3.6.25,3.50,12.0,400,1114,5206,5727,209,5242,5861,963,5109,5675,853,4969,5734,0,0,0,-110,-140,59,187.6,1234.0,0.727,0.121,0.793,-1.391,-0.641,-3.641,194.9,1,0.9552,-0.2364,-0.0489,-0.1712,342.0,-10.0,0.0
214131,2026-08-30_09-12-38.132-240,v3.6.25,3.50,12.0,400,1084,5208,5722,209,5242,5861,933,5112,5670,853,4969,5734,0,0,0,-80,-143,64,175.9,1157.3,0.726,0.170,0.798,0.609,-0.312,-5.703,185.1,1,0.9558,-0.2344,-0.0487,-0.1707,342.1,-10.0,0.0
214160,2026-08-30_09-12-38.162-240,v3.6.25,3.50,12.0,400,1107,5210,5724,238,5236,5858,956,5113,5672,881,4963,5726,0,0,0,-75,-150,54,176.2,1159.1,0.735,0.214,0.792,-0.125,-1.125,-5.047,185.3,1,0.9563,-0.2326,-0.0488,-0.1702,342.1,-9.9,0.0
214202,2026-08-30_09-12-38.204-240,v3.6.25,3.50,12.0,400,1107,5210,5724,263,5248,5867,956,5113,5672,908,4976,5731,0,0,0,-48,-137,59,156.7,1030.9,0.728,0.192,0.839,-6.203,0.562,1.500,169.0,1,0.9565,-0.2321,-0.0483,-0.1703,342.1,-9.9,0.0
214241,2026-08-30_09-12-38.243-240,v3.6.25,3.50,12.0,400,1129,5203,5739,263,5248,5867,978,5106,5687,908,4976,5731,0,0,0,-70,-130,44,154.1,1013.6,0.736,0.169,0.810,-7.453,0.000,3.172,166.7,1,0.9565,-0.2320,-0.0479,-0.1703,342.1,-9.8,0.0
214271,2026-08-30_09-12-38.272-240,v3.6.25,3.50,12.0,400,1100,5215,5714,235,5249,5861,949,5119,5662,879,4976,5730,0,0,0,-70,-143,68,173.1,1139.0,0.758,0.178,0.804,-7.391,0.141,1.984,182.7,1,0.9565,-0.2317,-0.0475,-0.1705,342.0,-9.8,0.0
214308,2026-08-30_09-12-38.310-240,v3.6.25,3.50,12.0,400,1100,5215,5714,227,5248,5848,949,5119,5662,868,4975,5718,0,0,0,-81,-144,56,174.5,1147.7,0.715,0.138,0.816,-5.719,0.766,0.172,183.9,1,0.9567,-0.2311,-0.0471,-0.1705,342.0,-9.7,0.0
214361,2026-08-30_09-12-38.363-240,v3.6.25,3.50,12.0,400,1086,5216,5720,227,5248,5848,935,5120,5668,868,4975,5718,0,0,0,-67,-145,50,167.4,1101.1,0.741,0.193,0.801,-5.609,1.438,-1.062,177.9,1,0.9569,-0.2302,-0.0466,-0.1707,342.0,-9.7,0.0
214390,2026-08-30_09-12-38.391-240,v3.6.25,3.48,12.0,400,1068,5227,5745,175,5267,5861,917,5131,5693,818,4994,5740,0,0,0,-99,-137,47,175.4,1154.2,0.721,0.141,0.825,-5.250,0.875,-1.078,184.7,1,0.9572,-0.2293,-0.0462,-0.1708,341.9,-9.6,0.0
214418,2026-08-30_09-12-38.420-240,v3.6.25,3.48,12.0,400,1073,5231,5695,175,5267,5861,922,5135,5643,818,4994,5740,0,0,0,-104,-141,97,200.3,1317.5,0.739,0.191,0.802,-4.188,4.734,-1.656,205.5,1,0.9575,-0.2281,-0.0451,-0.1709,341.9,-9.5,0.0
214465,2026-08-30_09-12-38.466-240,v3.6.25,3.48,12.0,400,1073,5231,5695,219,5265,5842,922,5135,5643,859,4992,5714,0,0,0,-63,-143,71,171.6,1129.2,0.753,0.165,0.824,-7.609,1.422,3.828,181.5,1,0.9575,-0.2280,-0.0445,-0.1710,341.9,-9.4,0.0
214495,2026-08-30_09-12-38.497-240,v3.6.25,3.48,12.0,400,1069,5242,5707,204,5286,5824,918,5146,5655,840,5012,5699,0,0,0,-78,-134,44,161.2,1060.3,0.699,0.138,0.820,-4.719,1.500,1.734,172.7,1,0.9577,-0.2275,-0.0438,-0.1708,341.9,-9.3,0.0
214544,2026-08-30_09-12-38.545-240,v3.6.25,3.48,12.0,400,1055,5253,5678,198,5308,5807,904,5158,5626,831,5034,5683,0,0,0,-73,-124,57,154.8,1018.2,0.704,0.191,0.821,-0.516,0.328,-4.484,167.3,1,0.9582,-0.2257,-0.0435,-0.1704,341.9,-9.2,0.0
214592,2026-08-30_09-12-38.594-240,v3.6.25,3.48,12.0,400,1068,5271,5673,198,5308,5807,917,5176,5621,831,5034,5683,0,0,0,-86,-142,62,177.2,1165.9,0.768,0.224,0.838,-5.344,-0.953,1.391,186.2,1,0.9583,-0.2252,-0.0433,-0.1702,341.9,-9.2,0.0
214619,2026-08-30_09-12-38.621-240,v3.6.25,3.48,12.0,400,1068,5271,5673,214,5312,5810,917,5176,5621,847,5038,5683,0,0,0,-70,-138,62,166.7,1096.7,0.741,0.127,0.842,-5.375,1.266,3.312,177.3,1,0.9585,-0.2250,-0.0426,-0.1700,341.9,-9.1,0.0
214652,2026-08-30_09-12-38.654-240,v3.6.25,3.48,12.0,400,1072,5256,5665,214,5312,5810,921,5161,5613,847,5038,5683,0,0,0,-74,-123,70,159.7,1050.7,0.734,0.134,0.825,-2.516,1.703,1.438,171.5,1,0.9588,-0.2242,-0.0419,-0.1695,341.9,-9.0,0.0
214681,2026-08-30_09-12-38.683-240,v3.6.25,3.48,12.0,400,1066,5283,5655,209,5302,5825,914,5188,5603,845,5028,5699,0,0,0,-69,-160,96,198.9,1308.8,0.746,0.211,0.841,-1.859,1.984,-0.125,204.4,1,0.9591,-0.2231,-0.0412,-0.1691,342.0,-8.9,0.0
